match_id,start_time,patch_version,radiant_win,radiant_first_pick,radiant_recent_winrate,dire_recent_winrate,radiant_winrate_advantage,radiant_synergy_score,dire_synergy_score,radiant_meta_score,dire_meta_score,r1_hero_winrate,r2_hero_winrate,r3_hero_winrate,r4_hero_winrate,r5_hero_winrate,d1_hero_winrate,d2_hero_winrate,d3_hero_winrate,d4_hero_winrate,d5_hero_winrate,radiant_basic_dispel_count,radiant_bkb_pierce_aoe_count,radiant_bkb_pierce_single_count,radiant_burst_damage_count,radiant_early_rosh_armor_count,radiant_early_rosh_solo_count,radiant_elusive_count,radiant_forced_reposition_enemy_count,radiant_global_mobility_count,radiant_hard_save_count,radiant_initiation_count,radiant_invisibility_count,radiant_lane_dominator_count,radiant_late_game_scaling_count,radiant_mass_heal_count,radiant_pseudo_root_count,radiant_push_cooldown_count,radiant_push_poke_count,radiant_push_zoo_count,radiant_reposition_save_count,radiant_strong_dispel_count,radiant_vision_scouting_count,radiant_waveclear_count,dire_basic_dispel_count,dire_bkb_pierce_aoe_count,dire_bkb_pierce_single_count,dire_burst_damage_count,dire_early_rosh_armor_count,dire_early_rosh_solo_count,dire_elusive_count,dire_forced_reposition_enemy_count,dire_global_mobility_count,dire_hard_save_count,dire_initiation_count,dire_invisibility_count,dire_lane_dominator_count,dire_late_game_scaling_count,dire_mass_heal_count,dire_pseudo_root_count,dire_push_cooldown_count,dire_push_poke_count,dire_push_zoo_count,dire_reposition_save_count,dire_strong_dispel_count,dire_vision_scouting_count,dire_waveclear_count
8608974467,1765968902,59,1,0,,,,2,3,0.5,0.5,0.5,0.5,0.5,0.5,0.5,0.5,0.5,0.5,0.5,0.5,0,0,0,2,0,0,4,1,0,3,4,1,4,0,2,2,0,0,0,1,2,1,5,0,0,0,4,0,1,3,0,0,2,3,0,3,3,0,0,0,0,1,0,1,1,3
8609085945,1765974265,59,1,1,1.0,0.0,1.0,3,2,0.5,0.4,0.5,0.5,0.5,0.5,0.5,0.0,0.5,0.5,0.5,0.5,0,1,1,1,0,1,1,0,0,1,3,0,5,2,1,0,0,0,2,0,0,1,2,0,0,0,3,1,0,4,1,1,1,4,1,5,0,0,1,0,1,2,0,0,3,4
8609256354,1765981499,59,1,0,,,,3,3,0.4,0.6,0.5,0.5,0.5,0.5,0.5,0.5,0.5,0.5,0.5,0.5,0,1,0,3,1,0,4,0,0,2,4,3,5,1,0,2,0,0,0,0,1,4,3,1,1,2,1,1,0,3,0,1,1,5,0,4,1,0,2,1,1,1,0,0,0,4
8609420125,1765987556,59,0,1,0.0,1.0,-1.0,3,3,0.5,0.4,0.5,0.5,0.5,0.5,0.5,0.5,0.5,0.5,0.5,0.5,0,0,0,3,0,0,3,0,0,3,4,0,3,2,0,1,0,0,0,2,0,0,4,0,1,0,2,0,1,3,2,0,3,5,0,2,2,1,1,1,0,1,1,1,0,3
8609577898,1765994135,59,0,0,,,,2,3,0.4,0.6,0.5,0.5,0.5,0.5,0.5,0.5,0.5,0.5,0.5,0.5,0,0,0,2,1,0,3,0,0,0,4,1,5,0,0,0,0,1,0,0,0,2,4,0,0,0,1,0,1,2,2,0,2,5,0,4,1,0,1,0,1,0,0,2,0,3
8609658039,1765998237,59,0,1,0.0,1.0,-1.0,2,3,0.2,0.8,0.0,0.5,0.5,0.5,0.0,0.5,1.0,1.0,0.5,0.5,0,1,0,4,0,0,2,0,1,0,4,0,5,0,0,0,0,0,1,0,0,0,5,0,0,0,4,0,0,2,1,0,3,4,0,4,1,1,0,0,2,0,1,1,0,4
8610327187,1766055297,59,1,1,,,,3,3,0.5,0.7,0.5,0.5,0.5,0.5,0.5,0.5,0.5,0.5,0.5,0.5,0,1,0,2,0,0,3,0,1,2,4,0,4,3,1,1,1,0,2,1,2,0,4,0,1,0,1,0,0,2,1,0,1,4,2,5,1,0,1,0,0,0,0,1,2,3
8610407872,1766059255,59,1,1,0.0,1.0,-1.0,3,2,0.7,0.0,0.5,0.5,0.5,0.5,0.5,0.5,0.5,0.5,0.5,0.5,0,0,1,2,1,0,2,0,0,2,3,0,4,1,2,0,0,0,1,1,1,2,4,1,0,1,2,0,0,2,0,1,2,4,0,3,0,0,0,0,1,0,0,0,0,4
8610508424,1766063814,59,1,0,0.5,0.5,0.0,3,1,0.3333,0.6333,0.5,1.0,0.5,0.5,0.5,0.0,0.5,0.5,1.0,0.5,0,1,0,4,0,0,3,0,1,2,4,0,5,1,0,0,0,0,2,0,1,1,5,0,0,1,0,1,0,2,1,0,0,4,0,5,2,1,1,1,1,1,0,0,1,3
8610608932,1766068139,59,1,1,1.0,1.0,0.0,2,2,0.1,0.8,0.5,0.5,0.5,0.5,0.5,1.0,0.5,0.5,1.0,1.0,1,0,1,4,1,0,4,1,1,3,4,0,3,0,0,2,0,2,0,0,0,0,4,0,1,1,0,0,0,2,0,0,2,3,0,5,1,1,1,0,0,1,1,2,1,4
8610733410,1766072333,59,0,1,0.6667,1.0,-0.3333,3,3,0.4,0.5333,0.5,0.5,0.5,0.5,0.5,1.0,0.5,1.0,0.5,0.5,0,0,1,4,1,0,5,0,1,2,4,2,4,2,1,0,0,1,2,0,0,2,3,0,0,0,2,1,1,4,0,0,3,5,0,3,3,0,1,0,2,0,1,2,0,3
8610908761,1766080493,59,0,1,0.6667,1.0,-0.3333,2,3,0.5667,0.6,0.5,0.0,0.5,0.5,0.5,1.0,1.0,0.5,1.0,1.0,0,0,0,4,0,0,2,0,0,1,5,0,5,0,2,1,0,2,0,0,1,0,4,0,0,0,3,0,0,2,2,0,3,3,0,5,1,2,1,0,1,0,0,2,0,4
8610997048,1766084215,59,1,0,0.5,1.0,-0.5,3,2,0.6167,0.6333,0.5,0.5,1.0,0.5,0.5,0.5,1.0,1.0,1.0,0.5,0,1,0,2,1,1,3,0,0,2,4,0,3,1,1,2,1,1,1,0,2,1,3,0,0,1,1,0,0,0,2,0,2,4,0,5,2,1,1,0,1,0,0,1,0,4
8611101416,1766089195,59,1,0,0.6,0.75,-0.15,3,3,0.75,0.7033,0.5,1.0,0.5,0.5,1.0,1.0,0.75,0.5,0.5,1.0,0,0,0,1,1,1,2,0,0,2,4,0,4,1,0,2,1,2,0,0,1,0,4,1,1,0,2,0,1,3,2,0,2,4,0,4,2,1,2,1,1,1,0,2,0,3
8611704029,1766141701,59,1,1,0.0,0.0,0.0,3,2,0.5,0.49,0.5,0.0,0.5,0.5,0.0,0.5,0.5,0.5,0.0,0.5,0,1,2,3,0,0,4,0,0,3,5,1,4,3,0,2,1,0,1,1,1,0,5,0,0,0,2,1,0,3,1,0,1,4,1,4,0,0,2,0,1,0,0,0,1,5
8611813882,1766147170,59,1,0,0.3333,0.0,0.3333,3,2,0.5,0.5167,1.0,0.0,1.0,0.0,0.5,0.5,0.0,0.5,0.5,0.5,0,0,2,3,0,0,4,0,0,2,4,1,4,1,0,1,0,0,0,0,0,1,5,0,0,0,0,0,1,3,1,0,2,4,0,2,2,1,0,0,1,0,1,1,0,3
8611968266,1766154300,59,0,1,0.3333,0.0,0.3333,2,2,0.5567,0.4,1.0,0.5,0.5,0.5,1.0,0.5,0.5,0.5,0.5,0.5,0,0,0,3,0,0,2,1,0,1,4,0,4,0,1,1,0,1,1,1,0,1,4,0,0,1,0,0,0,2,0,0,1,4,0,4,2,0,2,1,0,0,0,1,1,4
8612073954,1766158142,59,1,1,0.3333,0.25,0.0833,2,3,0.5733,0.7,1.0,0.5,0.0,0.5,0.5,0.5,0.5,0.5,0.5,0.5,0,0,0,0,0,0,3,1,0,1,5,2,4,1,1,1,0,1,0,0,1,3,3,0,0,1,1,0,0,4,0,0,3,3,0,4,2,0,1,0,0,0,1,0,1,4
8612296716,1766166969,59,1,1,0.5,0.6,-0.1,3,3,0.6105,0.5876,0.5,0.5,0.5,0.5,0.5,0.5,0.5,0.5,0.5,0.5,0,1,0,1,0,1,1,2,0,2,4,0,5,2,0,2,1,0,1,0,0,0,2,0,1,0,3,1,1,3,0,0,2,4,0,4,1,2,2,0,1,1,0,2,1,3
8612387534,1766170800,59,1,1,0.6,0.5,0.1,2,2,0.3867,0.5133,0.5,0.5,0.5,0.0,0.5,0.0,0.5,1.0,0.5,0.5,2,0,1,2,0,0,4,2,1,2,3,0,4,0,2,2,0,2,1,0,1,1,3,0,1,2,2,0,0,2,0,0,1,3,0,5,0,1,1,0,1,0,0,0,0,5
8613199952,1766228169,59,1,1,0.5,0.5,0.0,3,2,0.5321,0.4667,0.5,0.5,0.5,0.5,1.0,0.5,0.5,0.5,0.5,0.5,0,0,1,1,0,0,1,2,0,1,3,0,5,1,1,1,0,0,1,0,0,1,3,0,0,0,0,1,0,3,2,0,1,3,0,5,1,1,2,0,0,0,0,1,1,4
8613296700,1766231942,59,1,1,0.4,0.6,-0.2,3,3,0.3567,0.5996,0.0,0.5,0.5,0.0,0.5,1.0,0.5,0.0,1.0,1.0,0,1,1,2,1,0,4,1,0,2,4,1,3,2,1,2,1,0,1,0,0,1,5,0,1,0,2,0,0,1,1,0,1,3,0,5,2,1,1,0,0,1,0,1,1,4
8613407484,1766236500,59,1,1,0.5,0.5,0.0,3,3,0.67,0.4595,0.5,0.5,0.5,0.5,0.5,0.5,0.0,0.5,0.5,0.5,0,0,1,2,1,0,4,0,0,2,5,2,4,2,1,1,0,1,0,0,1,2,5,0,1,0,3,0,1,4,0,0,3,4,0,3,3,0,1,1,0,1,0,2,0,4
8613524044,1766241062,59,0,1,1.0,0.6667,0.3333,3,3,0.5714,0.5355,0.5,0.5,1.0,0.5,1.0,1.0,0.5,0.0,0.5,1.0,0,0,0,5,1,0,4,0,0,4,2,0,4,1,2,2,0,2,0,0,1,1,5,0,0,0,2,1,1,5,0,0,3,4,1,3,2,0,1,0,1,0,1,1,1,2
8613669497,1766245501,59,0,0,0.8,0.7143,0.0857,3,2,0.5767,0.51,0.5,1.0,1.0,1.0,0.5,0.5,0.5,0.0,0.5,1.0,1,0,3,3,0,0,4,0,1,4,4,1,2,1,0,1,0,0,0,1,0,1,4,0,0,0,2,0,0,5,0,1,3,4,0,3,0,0,1,1,0,1,0,1,0,5
8613871238,1766253306,59,0,1,0.6667,0.5714,0.0953,3,2,0.5917,0.3467,1.0,0.5,1.0,0.5,0.6667,0.5,0.0,1.0,0.0,0.0,0,1,1,2,0,0,4,0,0,2,4,1,3,2,0,2,2,0,1,0,2,0,5,0,0,0,2,2,0,3,1,0,0,5,2,5,1,0,2,0,1,0,0,0,3,3
8613974929,1766257981,59,1,0,0.625,0.5714,0.0536,3,3,0.4467,0.5504,0.5,1.0,0.5,0.5,0.5,0.6667,0.5,0.5,1.0,0.5,0,1,0,1,1,0,3,2,0,1,4,0,3,2,1,3,0,0,0,0,0,1,4,0,2,1,3,0,0,2,1,0,2,5,1,4,2,0,1,1,0,1,0,0,0,4
8614840952,1766314605,59,1,1,0.6667,0.6667,0.0,3,2,0.66,0.6,0.5,1.0,1.0,0.5,0.5,0.5,0.5,1.0,1.0,0.5,0,1,0,1,2,0,4,0,0,2,5,1,4,1,0,3,2,0,1,0,1,2,5,0,0,0,2,0,0,3,0,0,0,3,0,5,3,1,0,1,0,0,0,0,1,4
8614983405,1766320501,59,0,1,0.6,0.7143,-0.1143,3,3,0.4877,0.5933,0.6667,0.5,0.5,0.5,0.5,0.5,0.5,1.0,1.0,0.5,0,0,1,2,0,0,2,1,0,1,4,1,4,1,1,1,0,2,1,0,0,1,4,0,0,0,2,1,0,4,0,0,2,4,2,3,1,0,2,1,0,0,0,1,2,4
8615212174,1766328901,59,1,1,0.75,0.75,0.0,3,3,0.6234,0.3617,0.5,1.0,1.0,0.5,0.5,1.0,0.0,1.0,0.0,1.0,0,1,0,2,1,0,4,0,0,1,5,2,4,3,0,2,1,0,1,1,1,2,3,0,1,0,4,0,0,2,0,1,1,5,0,5,1,1,0,0,1,1,0,1,0,4
8615341751,1766333161,59,1,0,0.6667,0.7778,-0.1111,3,3,0.5853,0.7524,0.5,1.0,1.0,0.5,1.0,1.0,1.0,0.5,0.5,0.5,0,0,1,3,1,0,5,0,0,3,5,1,3,2,0,2,1,1,0,0,3,0,5,0,1,1,1,0,0,3,0,1,1,5,0,5,1,0,2,1,0,2,0,0,1,4
8615442050,1766337481,59,0,1,0.7,0.7,0.0,3,1,0.5743,0.5834,1.0,0.5,0.5,1.0,1.0,0.5,0.5,1.0,1.0,0.5,0,1,0,3,1,0,2,1,0,2,5,0,4,2,0,1,0,2,0,0,1,1,4,0,0,0,0,0,1,3,2,0,0,4,1,5,1,1,2,0,1,0,0,1,1,5
8615531269,1766341021,59,1,1,0.7273,0.6364,0.0909,1,3,0.6566,0.65,1.0,1.0,0.5,1.0,1.0,0.5,0.5,0.5,0.5,1.0,0,0,0,0,1,1,3,2,0,0,3,1,5,1,2,2,0,0,1,0,0,3,4,0,0,0,2,0,1,3,2,0,2,4,0,4,4,1,1,0,0,0,0,1,0,3
8677196852,1770206279,59,1,0,,,,3,3,0.45,0.5762,0.5,0.5,0.5,0.5,0.5,0.5,0.5,0.5,0.5,0.5,0,1,0,1,0,1,3,0,1,3,3,1,5,2,0,1,0,0,0,1,0,1,2,1,0,0,2,0,0,3,0,0,1,4,0,5,2,1,1,0,1,0,1,1,0,2
8677201827,1770206373,59,0,1,,0.2,,3,2,0.3203,0.6167,0.5,0.5,0.5,0.5,0.5,0.5,0.5,0.5,0.5,0.0,0,1,0,3,0,1,3,0,0,2,4,0,4,2,0,1,0,0,0,0,1,1,3,1,0,0,0,1,0,1,0,1,1,4,0,5,1,0,1,0,1,0,0,1,1,5
8677261775,1770209279,59,0,1,0.0,0.3333,-0.3333,3,3,0.6267,0.6167,0.5,0.5,0.5,0.5,0.5,0.5,0.5,0.5,0.0,0.5,0,2,0,1,1,0,2,1,0,2,4,0,5,2,1,1,0,1,0,1,1,1,5,0,0,0,1,0,1,4,0,0,3,3,0,4,1,0,2,1,0,0,0,2,1,4
8677288942,1770210517,59,0,0,0.0,1.0,-1.0,2,2,0.6909,0.4643,0.5,0.5,0.5,0.5,0.5,0.5,0.5,1.0,0.5,0.5,0,0,0,3,1,0,3,1,0,2,5,2,4,0,1,2,0,0,0,0,1,2,5,1,1,0,2,1,0,4,0,0,0,4,1,5,2,1,2,1,1,1,0,2,1,3
8677484389,1770218890,59,0,0,,,,2,2,0.5633,0.6165,0.5,0.5,0.5,0.5,0.5,0.5,0.5,0.5,0.5,0.5,0,0,0,1,0,0,2,0,0,0,5,0,5,0,0,1,0,2,0,0,1,1,4,0,1,0,1,1,0,3,1,0,0,5,1,5,2,0,2,1,0,1,0,0,2,4
8677494117,1770219128,59,0,0,,,,3,3,0.4238,0.62,0.5,0.5,0.5,0.5,0.5,0.5,0.5,0.5,0.5,0.5,0,0,1,2,0,0,2,2,0,1,5,0,5,2,2,1,0,0,0,1,1,1,5,0,1,0,2,0,0,1,2,1,1,4,0,5,2,0,3,1,1,1,0,0,0,5
8677564756,1770222258,59,0,0,0.0,1.0,-1.0,3,3,0.4559,0.6867,0.5,0.5,0.5,0.5,0.5,0.5,0.5,0.5,0.5,1.0,0,0,1,1,0,1,2,1,0,1,4,1,5,1,0,1,0,0,0,0,0,1,4,0,0,1,3,0,0,4,0,0,1,4,2,5,2,1,0,0,0,0,0,1,2,3
8677600320,1770223897,59,1,1,0.0,1.0,-1.0,2,3,0.48,0.3045,0.5,0.5,0.5,0.5,0.5,0.5,0.5,0.5,0.5,0.5,1,0,1,1,0,0,4,0,1,3,3,0,4,0,0,0,0,0,0,0,1,0,3,0,1,0,3,0,0,1,0,0,1,4,0,5,1,0,0,0,1,0,0,0,0,4
8677674341,1770227535,59,0,1,0.5,0.5,0.0,3,2,0.4291,0.4624,0.5,1.0,0.5,0.5,0.5,0.5,1.0,0.0,0.5,0.5,1,0,0,1,1,0,4,0,0,1,4,0,4,2,3,1,1,1,0,1,1,0,4,0,1,0,0,0,0,3,2,0,2,5,0,4,1,1,2,0,1,0,1,0,0,5
8678450147,1770292686,59,1,0,0.4286,0.0,0.4286,3,3,0.6509,0.4583,0.5,0.5,1.0,0.5,0.5,0.5,0.5,0.5,0.5,0.5,0,1,0,1,0,0,3,1,1,3,5,0,4,2,0,2,0,2,0,2,0,0,4,1,1,0,1,0,0,1,0,0,1,4,0,3,3,2,1,1,0,1,1,1,0,5
8678463732,1770292820,59,1,0,1.0,1.0,0.0,2,3,0.5837,0.501,1.0,0.5,1.0,0.5,0.5,1.0,1.0,0.5,0.5,0.5,1,0,0,2,1,0,4,0,0,0,4,1,5,1,1,0,0,1,0,0,1,2,3,1,1,0,2,0,0,1,1,0,1,5,1,4,3,1,1,1,1,1,1,0,1,3
8678468666,1770293033,59,0,1,0.0,0.3333,-0.3333,2,3,0.4567,0.3152,0.5,0.0,0.5,0.5,0.5,0.5,0.5,0.5,0.0,0.5,0,2,2,0,0,1,3,0,0,1,5,1,4,1,1,2,0,1,1,1,0,1,4,1,0,0,2,0,0,2,1,0,3,5,0,4,1,2,1,0,1,0,1,1,0,4
8678554261,1770297064,59,1,1,0.0,0.5,-0.5,3,3,0.4884,0.6719,0.0,0.0,0.0,0.5,0.0,0.5,1.0,1.0,0.5,0.6667,1,1,0,2,0,0,1,1,0,2,4,0,4,3,2,1,1,0,1,1,1,0,4,0,0,0,2,0,1,2,2,1,1,5,0,5,1,0,2,0,2,0,0,0,0,4
8678554665,1770297081,59,0,0,1.0,0.6667,0.3333,3,2,0.425,0.4686,0.5,0.5,0.5,1.0,0.5,0.5,1.0,1.0,1.0,0.5,0,0,0,1,1,0,3,1,0,1,3,0,4,4,0,1,0,0,0,1,0,1,3,0,0,1,1,1,0,3,1,0,1,5,0,5,0,1,2,0,2,0,0,1,0,5
8678559674,1770297305,59,1,1,0.5,0.0,0.5,3,3,0.3,0.4961,0.5,1.0,0.5,0.5,0.5,0.5,0.0,0.5,0.5,0.0,0,0,0,2,1,0,2,1,0,1,4,0,5,3,1,1,0,0,1,0,0,2,3,0,0,0,1,0,0,4,0,0,1,5,0,4,1,0,0,0,1,0,1,0,0,4
8678617868,1770300271,59,1,0,0.25,0.4444,-0.1944,2,3,0.4585,0.4389,0.0,0.5,0.5,1.0,0.5,1.0,0.5,0.6667,0.5,0.5,0,0,1,1,0,1,1,1,0,2,4,0,4,0,0,0,0,1,1,0,1,0,4,0,1,0,1,1,0,1,0,1,1,4,0,5,3,1,1,1,0,1,0,1,1,4
8678657524,1770301529,59,0,0,0.75,0.75,0.0,3,3,0.4818,0.5586,1.0,0.5,0.5,0.5,0.0,1.0,0.5,0.0,1.0,1.0,0,1,0,2,0,0,3,2,0,2,4,0,4,2,1,1,1,0,1,0,0,0,4,1,0,0,1,1,0,2,1,0,1,4,0,4,1,1,2,0,2,0,1,0,0,4
8678742616,1770305327,59,1,0,0.4,0.0,0.4,3,3,0.675,0.5286,0.0,0.0,0.5,0.5,0.5,0.5,0.5,0.5,0.5,0.5,0,1,1,1,1,1,3,0,0,2,5,1,3,1,1,1,0,0,2,1,1,1,3,0,0,0,3,1,0,5,0,0,3,4,1,4,2,0,1,0,1,0,0,2,1,3
8678753328,1770305467,59,1,0,0.4,0.6667,-0.2667,3,3,0.474,0.6082,0.5,0.5,1.0,0.5,0.5,0.5,1.0,0.5,0.5,0.5,0,0,0,3,0,0,3,0,0,2,5,0,5,1,0,1,0,1,0,1,2,0,5,0,0,0,1,0,0,3,1,0,2,3,0,5,1,0,1,0,1,0,0,0,0,4
8678756038,1770305755,59,1,0,0.6,0.0,0.6,3,3,0.5067,0.3476,0.5,0.5,0.0,1.0,0.5,0.0,0.5,0.5,0.5,0.5,0,0,0,2,0,0,3,0,1,2,5,0,4,1,1,0,0,1,0,1,1,0,4,0,0,1,3,0,2,2,2,0,1,5,0,3,2,1,0,0,0,1,2,0,0,4
8678838585,1770309127,59,0,0,0.0,0.6667,-0.6667,3,3,0.3571,0.7258,0.5,0.5,0.5,0.5,0.5,0.5,0.5,0.5,0.5,0.5,0,0,1,3,0,0,3,0,0,1,3,2,4,2,0,0,0,0,0,0,0,1,4,0,0,0,1,0,0,2,0,0,2,3,1,4,3,1,0,0,0,1,1,1,2,2
8678838775,1770309135,59,0,0,0.0,0.5,-0.5,3,3,0.5366,0.575,0.5,0.5,0.0,0.5,0.5,0.5,0.5,0.5,0.5,0.5,0,1,1,2,0,1,3,0,0,2,5,1,3,1,0,1,0,1,1,1,0,1,4,1,0,0,3,0,0,3,1,0,1,4,1,4,2,2,1,0,0,0,1,1,2,4
8678847401,1770309530,59,1,0,0.4545,0.5,-0.0455,3,2,0.4623,0.5243,0.5,0.5,1.0,1.0,0.5,0.0,0.5,0.5,1.0,0.5,1,0,0,3,0,0,4,1,0,2,4,0,4,2,1,1,0,1,0,1,2,0,5,0,0,0,2,1,0,3,0,0,1,3,0,4,0,0,0,0,0,1,0,0,1,3
8679016608,1770317739,59,1,0,0.0,0.4,-0.4,3,3,0.5736,0.5867,0.0,0.5,0.5,0.0,0.5,0.5,0.5,1.0,1.0,0.5,1,1,2,1,0,0,4,1,1,3,5,0,4,1,0,2,0,2,0,1,0,0,4,0,0,0,3,0,0,3,1,0,1,4,1,4,1,2,1,0,0,1,1,0,2,3
8679012782,1770317791,59,1,0,0.8,0.6,0.2,3,3,0.4894,0.5842,0.5,0.5,0.5,0.0,0.5,0.5,0.5,0.5,0.5,0.5,0,0,0,4,1,0,4,1,0,2,5,0,5,2,0,0,0,1,0,0,1,0,4,0,0,0,2,0,0,4,1,0,3,3,0,3,1,1,3,1,0,0,1,1,0,5
8679089063,1770321607,59,1,1,0.2,0.3333,-0.1333,2,3,0.6844,0.4962,0.5,0.5,0.5,0.5,0.0,0.5,0.5,0.0,0.0,0.5,0,0,1,2,1,1,2,0,1,0,5,2,4,0,0,1,0,1,1,0,0,2,4,0,1,0,3,0,0,1,3,0,1,4,0,5,2,0,3,0,1,0,0,0,0,4
8679089335,1770321623,59,0,0,0.8333,0.5,0.3333,3,3,0.3556,0.7191,0.5,1.0,0.5,0.5,1.0,0.5,0.0,0.5,0.0,0.5,0,0,0,2,0,0,3,1,0,1,5,1,4,1,2,0,0,0,0,0,1,1,4,0,0,0,2,0,1,4,1,0,1,4,2,5,1,1,2,0,0,0,1,0,2,4
8679151043,1770326039,59,1,1,0.7143,0.5714,0.1429,3,3,0.65,0.5721,0.5,0.5,1.0,0.5,0.5,0.5,0.5,0.5,1.0,1.0,0,0,1,3,0,0,2,1,0,2,3,0,5,1,0,0,0,0,0,0,0,0,4,1,0,1,2,1,0,4,1,1,2,4,0,3,1,1,0,0,0,0,0,0,0,3
8679764627,1770379126,59,1,0,0.5,0.3333,0.1667,3,3,0.73,0.5517,1.0,1.0,0.5,0.5,0.0,0.5,1.0,0.5,1.0,0.5,0,0,0,1,0,1,3,0,1,2,4,1,4,1,0,1,1,0,0,0,1,1,5,1,0,0,3,0,0,3,2,0,2,5,1,4,2,1,3,0,1,0,2,0,1,3
8679760741,1770379220,59,0,0,0.5714,0.75,-0.1786,3,2,0.5749,0.32,0.5,0.5,0.0,1.0,0.0,0.0,0.5,0.0,1.0,0.5,1,0,0,3,1,0,4,1,0,3,4,0,3,2,1,1,0,1,0,1,1,0,2,0,0,0,3,0,0,3,1,0,0,4,2,4,1,1,0,0,1,0,0,0,2,4
8679771304,1770379484,59,0,1,0.0,0.2857,-0.2857,3,2,0.5954,0.4306,0.5,0.5,0.5,0.5,0.5,1.0,0.5,1.0,0.5,0.0,0,0,0,1,0,0,2,0,1,1,4,0,4,1,0,1,1,2,0,0,1,0,5,1,1,0,2,0,0,2,0,0,0,5,1,4,3,1,1,1,0,1,1,0,1,4
8679832219,1770382223,59,0,0,0.2857,0.5556,-0.2699,3,3,0.4732,0.6309,0.6667,0.5,0.0,0.5,0.5,0.0,0.5,1.0,0.5,0.5,0,0,0,2,0,1,4,0,0,2,4,1,3,1,0,1,0,1,0,0,0,2,5,1,0,0,1,1,0,3,0,0,2,4,1,3,1,1,2,1,1,0,1,1,1,4
8679857477,1770383310,59,1,0,0.7778,0.5,0.2778,3,3,0.4626,0.4961,0.5,0.6667,0.5,0.5,1.0,0.5,0.0,0.5,0.6667,0.5,0,0,0,3,0,1,5,0,0,3,4,1,3,2,1,0,0,0,0,0,2,1,3,0,1,0,2,1,0,3,1,1,2,5,2,5,1,1,2,0,2,0,0,1,2,2
8679864114,1770383581,59,0,1,0.0,0.375,-0.375,3,2,0.5927,0.5638,0.0,0.5,0.0,0.5,0.5,0.0,0.5,0.0,0.5,0.5,0,0,1,2,1,0,2,0,0,1,5,2,3,1,0,1,0,1,0,0,0,1,5,0,0,0,1,0,0,1,1,1,1,4,0,4,0,1,2,1,1,1,0,1,1,4
8680064909,1770391649,59,0,1,0.7143,0.6,0.1143,3,2,0.5112,0.6535,0.0,0.5,1.0,0.5,1.0,1.0,0.5,1.0,0.5,0.6667,0,1,0,1,1,0,3,0,0,1,4,1,5,2,0,2,0,0,0,1,0,3,3,2,1,0,0,0,1,2,0,0,1,5,1,2,3,1,2,2,0,1,1,1,1,5
8680069429,1770391769,59,0,1,0.8,0.4444,0.3556,3,3,0.6795,0.4532,1.0,0.75,1.0,0.5,0.0,0.5,0.6667,0.5,0.5,1.0,0,0,1,1,0,0,3,0,0,2,4,0,4,2,1,0,0,1,0,1,1,0,4,0,1,0,1,0,0,4,1,0,2,5,1,5,1,0,2,0,0,0,1,0,1,5
8680071751,1770391818,59,1,1,0.5,0.25,0.25,2,2,0.4975,0.3948,1.0,0.5,0.5,1.0,0.0,0.5,0.0,0.5,0.5,0.0,0,2,0,0,0,0,2,0,0,2,5,0,4,3,0,2,2,1,1,2,0,0,4,0,0,0,2,0,0,2,2,0,1,3,0,4,0,2,2,0,0,2,1,0,1,3
8680183524,1770396097,59,0,0,0.625,0.6364,-0.0114,3,2,0.4467,0.5883,0.5,1.0,0.0,0.5,0.5,0.5,0.5,1.0,0.6667,0.5,0,1,0,1,0,0,2,1,0,2,3,0,5,3,0,1,0,1,0,1,0,0,4,0,0,0,3,0,0,4,0,0,2,4,1,5,0,0,1,0,0,0,1,0,1,3
8680186040,1770396200,59,1,0,0.2222,0.5385,-0.3163,3,2,0.6433,0.6244,0.0,0.5,1.0,0.5,0.5,1.0,0.5,1.0,1.0,0.6,0,0,0,1,1,0,4,0,1,3,5,0,4,1,1,1,1,0,0,0,2,0,5,1,0,0,1,0,0,2,0,0,0,5,1,5,1,0,1,0,1,0,0,1,1,5
8680186885,1770396236,59,1,1,0.7273,0.5,0.2273,2,3,0.5717,0.2733,1.0,0.5,0.5,1.0,1.0,0.5,0.5,0.5,0.5,1.0,0,1,0,2,1,0,3,0,0,0,5,1,5,1,0,2,1,2,1,0,1,1,4,0,1,0,2,0,0,3,1,0,2,3,0,4,3,2,1,1,0,1,2,0,1,3
8680265600,1770399899,59,1,1,0.75,0.4545,0.2955,2,3,0.563,0.5665,0.5,0.6,0.5,1.0,1.0,1.0,0.5,0.6667,1.0,0.5,0,0,0,3,1,0,5,1,0,1,5,1,4,0,2,1,0,1,0,0,1,1,4,0,3,0,1,0,0,2,1,1,2,5,0,4,3,0,2,1,0,1,1,0,0,3
8680281936,1770400303,59,1,0,0.3,0.5,-0.2,3,2,0.5626,0.584,0.5,0.0,0.5,0.5,1.0,0.5,1.0,0.0,0.5,0.5,0,0,0,1,0,1,2,0,0,2,4,0,5,2,0,0,0,1,0,0,1,0,3,1,1,1,0,0,0,2,0,0,1,4,0,5,2,0,2,1,0,1,0,1,0,5
8680365982,1770404510,59,0,0,0.4667,0.5556,-0.0889,3,3,0.5553,0.6011,1.0,1.0,0.5,0.5,1.0,0.3333,0.5,0.75,1.0,0.5,1,0,0,2,0,0,2,0,1,2,5,0,3,1,1,2,1,0,0,2,1,0,5,1,1,0,1,1,0,4,0,0,1,4,1,5,2,1,1,1,0,1,0,1,2,3
8680384190,1770404876,59,1,1,0.4444,0.0,0.4444,2,3,0.6106,0.354,0.5,0.6667,1.0,1.0,0.5,0.5,0.5,0.5,0.5,0.0,0,0,0,1,0,0,2,0,0,1,3,1,5,0,1,0,0,0,1,0,1,2,3,0,0,1,2,0,1,1,1,0,1,4,0,4,2,1,2,0,0,1,0,1,0,4
8680453812,1770408126,59,1,0,0.4375,0.6,-0.1625,2,2,0.6792,0.5283,1.0,0.5,1.0,1.0,0.3333,0.5,1.0,0.5,1.0,0.5,0,2,0,0,0,1,3,0,0,2,5,1,4,4,0,2,2,0,1,2,0,1,4,0,0,0,4,0,0,4,0,1,2,4,1,5,0,1,1,0,1,0,1,0,1,4
8680463401,1770408611,59,1,0,0.5,0.0,0.5,2,3,0.4921,0.5597,0.5,0.5,0.6667,0.5,1.0,0.0,0.5,0.0,0.5,0.5,0,0,1,3,0,1,4,0,0,1,4,1,4,0,1,0,0,0,1,0,1,1,4,0,1,1,2,0,0,1,0,1,1,4,1,4,3,0,2,1,0,1,0,0,1,4
8680514821,1770411403,59,0,0,0.4706,0.5455,-0.0749,3,2,0.4991,0.6034,0.0,0.5,0.5,0.0,0.5,1.0,0.5,0.0,1.0,0.5,0,1,0,1,0,1,3,1,0,2,5,0,3,3,1,1,1,0,1,0,1,0,3,0,0,0,2,0,0,4,1,0,2,4,0,5,0,0,0,0,0,0,0,1,0,3
8681257159,1770465332,59,1,0,0.5833,0.4167,0.1666,3,2,0.5718,0.576,1.0,0.5,0.6667,1.0,0.5,0.5,0.75,0.6667,1.0,1.0,1,0,0,1,0,0,3,0,0,1,3,0,4,2,1,0,0,1,0,1,1,0,3,1,0,0,0,0,0,3,1,0,2,5,0,3,1,1,2,1,0,0,1,1,0,5
8681252145,1770465628,59,0,0,0.4444,0.7692,-0.3248,3,3,0.5176,0.5092,0.0,0.0,0.0,0.5,0.5,1.0,1.0,1.0,1.0,0.5,0,0,0,1,0,0,3,2,0,3,4,0,4,1,2,0,0,0,0,0,1,0,4,0,0,0,3,0,1,5,0,0,3,5,1,3,2,0,0,0,0,0,0,2,1,3
8681270106,1770465811,59,0,1,0.0,0.3636,-0.3636,3,3,0.6019,0.5637,0.5,0.5,0.5,0.5,0.5,0.5,0.5,1.0,1.0,0.0,1,0,1,3,0,1,4,1,0,2,3,0,4,1,2,2,0,1,1,1,1,1,5,0,1,0,1,0,0,3,0,1,3,4,1,4,2,0,2,1,0,0,1,2,1,4
8681348654,1770469206,59,1,1,0.6154,0.3846,0.2308,3,2,0.475,0.4383,0.0,1.0,0.75,0.5,1.0,0.3333,0.6,0.5,0.5,0.5,1,0,0,2,1,0,4,1,0,1,4,0,4,3,1,2,0,2,0,1,1,0,2,0,0,0,2,0,0,1,1,1,0,3,1,5,0,1,1,0,0,1,0,0,2,4
8681350238,1770469269,59,0,0,0.4211,0.7857,-0.3646,2,2,0.5601,0.5108,0.0,0.5,0.4,0.0,0.4,1.0,0.6667,0.6667,0.6667,0.6667,0,1,0,0,0,0,1,1,1,2,4,0,5,1,0,2,1,0,1,0,1,0,5,0,0,0,2,0,0,4,3,0,3,5,0,4,0,2,1,0,1,0,0,1,0,4
8681395986,1770471083,59,0,0,0.0,0.4167,-0.4167,3,3,0.2112,0.5596,0.0,0.5,0.0,0.0,0.0,0.0,0.5,0.0,1.0,1.0,0,1,1,2,0,0,2,1,0,1,3,0,5,2,0,1,0,0,0,0,0,1,5,0,0,0,1,0,0,3,1,0,3,4,0,4,1,0,2,1,0,0,0,2,0,4
8681574611,1770478163,59,0,0,0.5455,0.3571,0.1884,3,3,0.5765,0.459,0.75,0.5,0.5,1.0,1.0,0.0,0.0,0.5,0.5,0.5,0,0,0,1,0,0,3,0,0,1,4,1,5,2,1,0,0,0,0,0,1,2,4,1,0,0,2,0,1,1,2,0,1,5,0,3,3,1,2,0,0,0,1,1,0,3
8681570464,1770478185,59,1,0,0.6667,0.4,0.2667,3,3,0.5756,0.5921,0.5,0.5,0.5,0.5,1.0,1.0,0.5,1.0,1.0,0.0,1,0,0,2,0,0,1,0,0,1,4,1,4,2,2,0,0,2,0,1,1,1,4,0,1,0,1,0,0,3,0,0,3,5,0,4,2,1,1,1,0,0,2,1,0,4
8681588293,1770478464,59,0,0,0.0,0.8,-0.8,3,2,0.5942,0.699,0.0,0.0,0.5,0.5,0.0,1.0,1.0,0.75,0.5,0.5,0,0,0,2,0,0,3,1,1,2,3,0,5,2,2,1,0,0,0,0,2,0,5,1,0,0,2,0,0,3,1,0,1,4,0,2,0,1,1,1,0,0,0,1,0,5
8681675935,1770481813,59,1,0,0.8125,0.0,0.8125,3,3,0.6038,0.4312,1.0,0.7143,0.5,0.5,0.5,0.5,0.0,0.5,0.0,0.0,0,0,0,2,2,0,4,0,0,1,5,0,5,1,1,0,0,1,0,0,1,1,5,1,0,0,2,0,0,2,0,0,1,5,0,3,3,1,0,0,0,0,2,0,0,3
8681689018,1770482342,59,1,1,0.5,0.4,0.1,3,2,0.5892,0.5942,0.5,0.5,0.5,0.5,0.6667,0.0,0.5,0.5,0.5,0.5,1,0,0,2,0,0,2,2,0,3,5,0,4,1,1,1,0,2,0,1,0,0,4,0,0,0,2,1,0,2,0,0,0,4,0,5,0,0,0,0,0,0,0,1,1,5
8681702184,1770482881,59,0,0,0.4,0.6923,-0.2923,2,2,0.3798,0.671,0.5,0.0,0.0,0.0,0.5,1.0,0.5,0.5,0.5,0.75,0,0,0,2,0,0,2,2,0,0,5,1,4,1,1,1,0,1,0,0,0,1,5,0,0,1,0,0,2,3,1,0,1,4,1,3,1,1,2,1,0,1,0,1,1,5
8681786674,1770486772,59,1,0,0.5385,0.375,0.1635,3,3,0.4638,0.3552,0.6667,1.0,0.0,1.0,0.0,1.0,0.3333,0.5,0.3333,0.5,0,0,0,2,0,0,3,0,0,3,5,1,3,1,0,0,0,1,0,1,0,1,4,0,0,1,1,0,1,1,0,1,1,4,1,4,1,1,0,0,0,1,0,1,1,5
8681877202,1770490581,59,0,0,0.4615,0.6429,-0.1814,2,2,0.4315,0.5676,0.5,0.5,0.0,1.0,0.0,0.6667,0.0,0.8,1.0,1.0,1,1,0,3,0,0,2,0,0,0,5,1,4,5,1,1,1,0,1,1,0,1,3,1,0,0,2,0,0,4,1,0,0,3,1,4,1,2,0,0,1,0,0,1,1,3
8681884330,1770491266,59,1,0,0.7143,0.5714,0.1429,3,3,0.3176,0.5261,0.5,0.5,0.5,0.0,1.0,0.75,0.5,0.0,1.0,0.5,0,1,0,1,0,0,2,2,0,2,4,0,4,2,1,1,0,0,0,0,1,0,3,0,0,0,2,0,0,4,0,0,2,5,1,4,3,0,0,0,1,0,1,1,1,3
8681973347,1770494923,59,1,0,0.5333,0.7333,-0.2,2,3,0.3935,0.5374,0.6,0.5,0.5,0.0,1.0,1.0,1.0,0.5,1.0,0.8,0,1,1,0,0,1,3,1,0,2,4,0,4,2,2,2,1,0,1,1,1,0,4,0,0,0,1,0,0,2,1,0,1,4,0,3,1,1,2,1,0,0,0,1,1,5
8681980178,1770495253,59,1,1,0.6667,0.4286,0.2381,2,2,0.5979,0.5823,0.5,0.75,0.8333,0.5,1.0,0.0,1.0,1.0,0.0,0.5,0,0,0,1,1,0,3,0,0,1,4,1,5,0,0,0,0,1,0,0,1,2,4,0,0,0,2,0,0,4,1,0,3,4,0,4,0,1,3,1,1,1,1,2,1,4
8682026627,1770498280,59,0,0,0.5625,0.6875,-0.125,3,3,0.5017,0.5845,0.6667,1.0,0.5,0.5,1.0,0.5,0.5,1.0,0.75,1.0,1,1,2,1,0,1,4,0,1,4,5,0,3,1,2,2,0,0,1,1,2,0,4,0,0,0,2,0,0,2,0,1,1,3,1,5,1,0,0,0,1,0,0,0,1,3
8682808051,1770551930,59,0,0,0.35,0.3529,-0.0029,3,2,0.5923,0.6217,0.5,0.5,0.0,0.75,0.5,0.0,0.5,0.5,0.5,0.5,0,0,0,3,1,0,4,2,0,2,4,0,3,2,1,1,0,1,0,1,0,0,4,0,1,0,1,1,0,2,2,0,1,4,0,5,0,1,3,0,1,1,0,0,1,3
8682922613,1770556145,59,1,1,0.35,0.3889,-0.0389,3,3,0.602,0.59,0.5,1.0,0.0,0.0,0.5,0.6667,0.6667,1.0,0.0,0.5714,0,0,1,1,1,1,2,1,0,2,3,0,5,1,1,0,0,0,1,0,0,2,2,0,1,0,1,0,1,2,2,0,1,5,0,4,2,0,3,1,0,1,0,2,0,4
8683023838,1770560162,59,1,0,0.4,0.3684,0.0316,3,3,0.6089,0.5663,0.3333,1.0,0.75,1.0,0.6667,0.3333,0.5,0.0,0.5,0.0,0,0,0,1,0,1,4,0,0,1,4,1,5,2,1,0,0,0,1,0,2,2,4,0,0,0,1,0,1,4,1,0,3,4,0,4,1,0,1,0,1,0,0,1,0,3
8684425399,1770650880,59,0,0,0.8235,0.5294,0.2941,3,3,0.5641,0.6695,1.0,1.0,1.0,0.75,1.0,0.5714,0.5,0.0,1.0,0.3333,0,0,0,4,2,0,3,1,0,1,5,0,5,1,0,1,0,3,0,0,0,0,4,1,0,0,3,1,0,5,0,0,2,4,2,4,1,2,1,0,0,0,0,2,2,3
8684532976,1770655715,59,0,0,0.5556,0.7778,-0.2222,2,3,0.541,0.4794,0.5,0.5,1.0,0.6,0.5,1.0,0.5,0.5,1.0,0.75,0,0,1,3,0,1,3,2,0,4,5,0,2,0,0,2,1,1,1,0,1,0,4,0,0,0,1,0,1,3,1,0,1,5,0,4,1,0,1,0,2,0,0,1,0,4
8684600389,1770659324,59,0,0,0.5263,0.7895,-0.2632,3,3,0.421,0.5512,0.5,0.5,1.0,0.5,0.5,0.5,0.6667,1.0,0.0,0.8,0,0,0,3,0,0,4,0,0,1,2,1,5,4,1,0,1,0,0,0,1,1,3,0,1,0,2,2,0,4,0,0,1,5,1,4,3,0,2,1,1,1,1,0,2,3
8684678048,1770663751,59,0,1,0.6875,0.7059,-0.0184,3,3,0.6139,0.6563,0.5,1.0,0.8571,0.6,0.3333,0.5,0.5,1.0,0.6667,1.0,0,1,0,2,1,0,5,0,0,2,3,1,5,2,0,1,0,0,0,1,0,3,3,1,1,0,1,0,0,2,1,0,1,5,0,4,2,1,1,0,1,0,1,0,0,4
8684769721,1770668103,59,0,0,0.6471,0.7222,-0.0751,3,3,0.5606,0.6605,0.5,0.8,0.75,0.6667,0.25,1.0,0.5,0.0,0.8,0.6667,0,1,0,2,0,0,3,1,1,2,5,1,5,1,0,2,0,2,0,1,0,1,4,0,0,0,1,1,1,4,0,0,2,4,1,4,1,0,2,1,2,0,0,1,1,4
8685653783,1770737471,59,0,0,0.45,0.5,-0.05,3,3,0.447,0.5443,0.0,0.0,0.5,0.5,0.75,0.625,0.75,1.0,0.3333,0.75,0,0,0,1,0,1,3,1,0,3,4,0,4,1,1,0,0,0,1,0,1,1,2,1,0,0,2,0,0,4,0,0,1,4,1,4,2,2,0,0,0,0,1,1,2,4
8685755756,1770741817,59,1,0,0.4,0.55,-0.15,3,2,0.5545,0.4468,0.0,1.0,1.0,0.3333,0.0,1.0,0.5,0.5,0.5,0.75,0,0,0,2,1,1,4,1,0,2,5,1,5,2,1,0,0,0,0,0,1,2,4,0,0,1,1,0,1,1,1,0,0,2,0,4,2,2,1,1,0,2,0,0,1,3
8685845932,1770746278,59,1,0,0.55,0.4,0.15,2,3,0.5463,0.3928,0.6667,1.0,1.0,1.0,0.4,0.5,0.0,1.0,0.0,0.4286,0,0,1,2,0,1,4,0,0,3,5,1,3,0,1,0,0,0,1,0,1,1,4,0,0,0,3,1,0,2,0,0,1,5,1,5,1,0,1,0,1,0,1,0,2,4
8685924571,1770752069,59,1,0,0.4,0.6111,-0.2111,3,3,0.5224,0.5357,0.5,0.3333,0.0,0.5,0.5,0.5,1.0,0.5,0.6667,0.5,0,0,0,3,0,0,5,2,0,2,4,1,4,1,2,1,0,1,0,0,1,1,4,1,0,0,2,0,0,3,0,0,1,4,0,3,2,2,1,1,0,1,1,1,1,4
8686040367,1770756060,59,1,0,0.5789,0.4375,0.1414,2,2,0.6015,0.4943,0.5,1.0,0.0,0.5,1.0,0.6667,0.5,0.5,0.6667,0.0,1,0,0,1,1,0,4,1,0,0,4,1,5,2,1,1,0,0,0,0,1,2,2,0,1,0,0,0,1,4,2,0,3,5,0,3,2,2,2,0,0,0,1,2,0,4
8686090858,1770759788,59,1,0,0.4118,0.6,-0.1882,3,3,0.565,0.4728,0.0,0.6667,0.5,1.0,0.5,0.6667,0.5,0.3333,0.5,0.0,0,0,0,2,1,0,4,0,0,1,3,1,5,1,1,0,0,0,1,0,0,3,3,0,0,0,3,0,0,2,2,1,1,5,0,5,2,0,1,0,0,0,0,0,0,3
8686982890,1770823701,59,0,0,0.4444,0.6,-0.1556,1,3,0.5534,0.4416,0.3333,0.5,0.5,1.0,0.5,0.5,1.0,0.0,0.5,0.8,0,0,1,0,0,1,1,0,0,1,4,0,4,0,1,0,0,1,2,0,0,1,4,1,0,0,2,0,0,1,2,0,1,3,0,4,3,1,1,0,0,0,1,0,0,3
8687082477,1770827954,59,1,0,0.6,0.4211,0.1789,2,3,0.4992,0.5139,0.6,0.0,0.5,0.5714,0.0,0.5,0.25,0.5,0.0,0.5,0,0,1,2,0,1,1,2,1,2,5,0,4,0,0,1,0,2,1,0,0,0,4,0,0,0,2,0,1,3,0,0,2,3,0,4,3,1,0,0,0,1,1,0,1,2
8687244701,1770836184,59,0,0,0.7368,0.8,-0.0632,3,3,0.5086,0.4586,0.5,1.0,1.0,0.5,1.0,1.0,0.75,1.0,1.0,0.5,0,0,0,1,1,0,2,2,0,2,5,0,5,2,0,1,0,1,1,0,0,1,2,0,0,0,4,0,1,5,0,0,2,5,1,4,1,1,0,0,0,0,0,1,1,3
8687324858,1770840058,59,1,0,0.8,0.7,0.1,3,2,0.4859,0.5695,0.5,0.75,0.8,0.6,0.5,1.0,0.6667,1.0,0.8333,1.0,0,3,0,1,0,0,3,2,0,2,5,0,3,3,1,2,1,0,1,1,0,0,3,0,0,0,3,0,0,4,0,0,2,4,1,5,0,0,1,0,0,0,1,0,1,3
8688061956,1770902966,59,0,0,0.6,0.7,-0.1,3,3,0.4881,0.4378,0.5,0.5,0.5,0.625,0.6,0.6667,0.5,1.0,0.5,0.5,0,2,1,1,0,2,2,1,0,3,5,0,3,3,0,2,1,0,2,1,1,0,3,0,0,0,3,0,0,2,1,1,2,3,0,5,1,1,3,0,0,0,1,0,2,5
8688182857,1770907711,59,0,0,0.7,0.55,0.15,3,2,0.4754,0.624,1.0,0.75,0.5,1.0,0.75,0.6667,0.8,0.5,1.0,0.8333,0,0,0,3,1,0,4,0,0,2,4,1,5,1,1,1,0,0,1,0,1,2,3,1,0,0,1,0,0,2,1,0,0,5,1,4,1,2,1,0,1,0,1,0,2,4
8688277454,1770911997,59,0,1,0.55,0.7,-0.15,3,2,0.5042,0.6037,0.0,0.5,0.5,1.0,0.5,0.5,0.0,1.0,0.75,1.0,0,0,1,2,0,1,2,0,0,1,5,2,3,1,0,0,0,0,1,1,0,2,3,0,0,0,2,0,0,3,0,1,2,4,0,5,0,0,1,0,1,0,0,0,1,5
8688402770,1770917960,59,1,0,0.8,0.7,0.1,2,3,0.5829,0.5853,1.0,0.7778,0.8333,1.0,1.0,1.0,0.5,0.0,0.8,0.6,0,0,0,2,0,0,5,2,0,3,5,1,4,0,2,1,0,1,0,0,1,1,4,0,1,0,2,1,0,4,0,0,1,5,1,3,1,0,0,0,1,0,0,0,2,3
8688503334,1770922425,59,0,0,0.65,0.85,-0.2,2,2,0.5704,0.4909,0.0,0.5,0.0,1.0,1.0,1.0,0.6667,0.5,1.0,1.0,0,1,0,3,2,0,4,1,0,0,5,1,4,2,1,2,1,1,1,0,0,1,4,0,0,0,3,0,0,3,0,0,0,3,1,5,2,0,0,0,1,0,0,0,1,4
8688575551,1770926374,59,1,0,0.85,0.65,0.2,3,2,0.5325,0.475,0.6667,0.8,1.0,1.0,1.0,0.5,0.6667,0.3333,0.6667,0.7143,0,1,0,4,1,0,4,0,0,1,5,1,4,2,0,1,1,0,1,0,0,1,4,0,0,0,0,1,0,4,0,0,1,5,0,4,2,0,1,1,1,1,0,1,2,4
8693354840,1771239343,59,0,1,,0.5455,,3,3,0.5635,0.269,0.5,0.5,0.5,0.5,0.5,0.5,0.5,0.5,0.5,0.5,1,0,0,3,1,0,3,0,0,2,3,0,3,3,1,2,0,1,0,2,0,1,4,1,0,0,3,0,0,3,4,0,1,4,0,5,2,1,3,0,2,0,1,0,0,4
8693417171,1771243783,59,0,0,0.0,0.5833,-0.5833,3,3,0.4461,0.3871,0.5,0.5,0.5,0.5,0.5,0.5,0.5,0.5,1.0,0.5,0,0,0,2,0,0,4,1,0,1,5,1,4,1,1,0,0,0,0,0,0,1,3,0,0,3,3,0,0,4,0,0,3,4,1,4,1,1,2,0,0,0,0,1,1,5
8693504706,1771248544,59,0,0,0.5833,0.5,0.0833,3,3,0.4184,0.523,1.0,0.5,0.5,0.5,0.6667,0.5,0.3333,0.5,1.0,1.0,0,0,0,3,0,0,3,0,0,2,4,1,4,1,0,2,0,0,0,1,0,2,3,0,0,0,2,1,0,4,0,0,2,4,0,5,1,0,1,0,1,0,0,1,2,5
8693593278,1771252800,59,1,0,0.5556,0.5385,0.0171,3,3,0.4037,0.5542,0.5,0.5,1.0,0.5,1.0,0.5,0.5,0.5,0.5,0.5,0,1,0,1,1,0,4,1,0,2,3,0,5,2,1,2,0,1,1,1,0,2,4,1,0,0,3,1,0,3,0,0,1,4,1,4,1,1,2,0,2,0,1,0,2,4
8693723587,1771259027,59,1,0,0.85,,,3,3,0.5135,0.4645,0.5,0.8,0.8571,0.6667,0.5,0.5,0.5,0.5,0.5,0.5,0,0,0,3,0,0,3,2,0,3,4,0,4,1,2,1,0,0,0,1,1,0,4,0,1,1,1,0,1,3,1,0,2,5,1,4,3,0,2,0,0,0,1,1,1,2
8693833533,1771263190,59,0,0,0.0,0.85,-0.85,3,3,0.3037,0.5492,0.5,0.5,0.0,0.5,0.5,0.5,0.8182,0.875,0.5,1.0,0,0,1,3,0,0,2,1,0,2,5,0,4,2,0,1,0,0,0,3,0,0,4,0,1,0,1,0,0,4,1,0,4,4,0,4,2,2,1,0,0,0,1,3,0,5
8693948351,1771269062,59,1,1,0.4286,,,3,2,0.4245,0.5421,1.0,0.5,0.5,0.6667,0.5,0.5,0.5,0.5,0.5,0.5,0,1,0,2,0,0,3,1,0,1,4,1,4,1,1,3,1,2,0,0,1,1,4,0,0,0,1,0,0,2,0,0,1,5,1,5,0,0,0,0,2,0,0,0,1,4
8694016846,1771272480,59,1,1,0.0,0.5,-0.5,2,2,0.3157,0.3754,0.5,0.5,0.0,0.5,0.5,0.5,0.5,0.5,0.5,0.5,0,0,2,0,0,1,2,0,0,1,4,0,3,1,0,0,0,1,1,1,0,0,3,1,0,0,2,0,0,1,2,0,0,5,0,4,4,1,1,0,0,0,2,0,0,4
8694620579,1771329299,59,1,0,0.9,0.0,0.9,3,3,0.5596,0.4557,0.6667,1.0,1.0,1.0,0.8,0.5,0.5,0.5,0.5,0.5,0,0,0,3,0,0,3,0,0,1,3,1,5,3,0,0,0,0,0,0,1,1,4,0,0,0,2,0,0,3,2,0,1,5,0,5,1,0,1,0,0,0,1,0,0,4
8694627572,1771329302,59,0,0,0.75,,,3,3,0.5192,0.5437,0.5,0.5,0.5,1.0,1.0,0.5,0.5,0.5,0.5,0.5,0,1,0,2,1,0,3,0,1,1,5,0,4,3,0,1,1,0,1,1,0,0,4,0,0,0,5,0,0,4,0,0,3,4,1,3,1,0,1,0,0,0,2,0,1,4
8694692688,1771329615,59,1,0,0.4286,,,3,3,0.3834,0.5193,1.0,0.5,0.5,0.5,0.5,0.5,0.5,0.5,0.5,0.5,0,0,0,3,0,0,1,0,0,1,4,0,5,2,0,2,0,0,0,1,0,1,3,0,0,1,1,0,0,2,2,1,1,4,1,4,1,1,2,0,1,0,0,0,0,5
8694745868,1771333084,59,1,1,0.5,0.0,0.5,2,3,0.4,0.4587,0.5,1.0,0.5,0.5,0.5,0.0,0.5,0.5,0.5,0.0,0,0,1,1,0,0,1,1,0,0,5,1,4,0,1,0,0,1,0,0,0,1,5,1,0,1,2,0,0,2,2,0,1,5,1,3,3,1,2,0,1,0,1,0,0,4
8694753345,1771333104,59,0,0,0.0,0.9,-0.9,3,3,0.5629,0.6172,0.5,0.5,0.5,0.5,0.5,0.75,0.8333,0.6667,1.0,0.8333,0,0,0,3,1,0,3,0,0,3,4,0,4,2,1,0,0,1,0,0,2,1,5,0,0,0,3,0,0,4,0,0,1,4,1,5,1,1,0,0,1,0,0,1,1,4
8694763191,1771333888,59,1,0,1.0,0.6923,0.3077,3,3,0.5959,0.5053,0.5,1.0,0.5,0.5,0.5,1.0,1.0,0.5,0.5,0.5,0,0,0,3,1,0,5,1,0,4,4,1,3,1,0,2,0,1,0,1,0,1,3,0,1,0,2,1,1,3,2,0,2,5,0,3,2,1,2,1,1,1,0,1,0,3
8694827368,1771336954,59,1,0,,,,3,2,0.4017,0.4076,0.5,0.5,0.5,0.5,0.5,0.5,0.5,0.5,0.5,0.5,0,1,1,3,1,0,4,1,0,3,5,1,4,2,1,2,0,1,0,1,0,1,4,0,0,0,5,1,0,4,0,0,2,5,1,4,0,0,3,0,2,0,1,0,0,5
8694844159,1771337429,59,0,1,0.5,0.5,0.0,2,3,0.4976,0.6341,0.5,0.0,0.5,0.5,0.5,0.5,0.5,0.5,0.5,0.5,0,1,1,1,1,0,2,0,0,0,5,0,5,1,0,2,1,2,1,1,0,0,5,0,1,0,2,0,0,2,1,0,1,4,0,5,2,0,2,0,1,0,1,0,0,5
8694893418,1771339891,59,0,1,,0.0,,3,3,0.4871,0.5289,0.5,0.5,0.5,0.5,0.5,0.5,0.5,0.5,0.5,0.5,0,1,0,2,0,0,3,1,0,2,5,0,4,1,0,2,1,0,1,0,0,0,5,0,0,0,3,1,0,4,0,0,2,5,1,3,2,0,1,1,0,0,0,2,0,5
8694931163,1771341540,59,1,0,0.3333,0.5333,-0.2,3,3,0.5083,0.4713,0.5,0.5,0.5,1.0,0.0,0.0,1.0,0.0,1.0,0.5,0,1,0,1,1,0,3,1,0,1,4,1,3,3,1,2,1,0,1,1,0,1,4,0,0,1,2,1,0,2,1,1,1,5,1,4,1,0,2,0,2,0,0,0,0,5
8694940772,1771341721,59,0,0,0.0,1.0,-1.0,3,2,0.5313,0.5274,0.5,0.0,0.5,0.5,0.5,0.5,0.5,0.5,0.5,0.5,0,1,0,3,0,0,4,1,0,4,4,0,4,1,0,1,0,0,0,1,0,0,3,0,1,0,0,0,0,2,0,1,1,5,0,3,1,1,0,0,2,0,1,0,0,4
8694987925,1771343821,59,0,1,0.0,0.2,-0.2,3,3,0.472,0.5087,0.5,0.0,0.5,0.5,0.5,0.5,0.0,0.0,0.0,0.5,1,0,0,4,0,0,4,0,0,2,5,0,4,1,0,2,0,1,0,2,0,0,5,0,0,0,1,0,1,4,1,0,3,4,0,3,1,2,1,0,1,0,0,2,1,4
8695029034,1771345981,59,0,1,0.0,0.6154,-0.6154,3,3,0.4719,0.3931,0.5,0.0,0.0,0.0,0.5,0.5,0.5,0.5,1.0,0.6667,0,1,1,2,0,0,2,0,0,1,5,1,5,1,0,2,1,0,1,1,0,1,4,1,0,0,2,0,0,2,2,0,1,5,0,4,3,1,1,0,0,0,2,0,0,4
8695048813,1771346663,59,0,1,0.0,1.0,-1.0,2,3,0.5841,0.5246,0.5,0.5,0.5,0.5,0.0,0.5,0.5,0.5,0.5,1.0,0,0,0,3,0,0,3,0,0,1,4,0,4,0,0,0,0,2,0,1,0,0,5,0,0,0,3,1,0,2,1,1,1,4,0,5,3,0,0,0,0,0,1,1,1,5
8695096621,1771348861,59,1,0,0.5556,0.6429,-0.0873,3,2,0.5622,0.5071,0.5,0.5,0.5,1.0,0.5,0.5,0.0,0.5,1.0,0.5,0,0,1,1,0,0,4,1,0,3,4,0,4,1,1,1,0,1,1,1,0,1,3,0,0,0,2,0,0,2,2,0,1,5,0,5,0,0,2,0,1,0,0,0,0,5
8695126869,1771350240,59,1,1,1.0,0.0,1.0,3,2,0.5109,0.4339,1.0,0.5,0.5,0.5,0.5,0.5,0.0,0.5,0.5,0.5,1,0,1,2,0,1,4,0,1,2,5,0,4,2,0,0,0,1,0,0,2,0,3,0,0,0,2,0,0,2,0,0,2,4,0,4,0,1,1,0,1,1,0,0,2,3
8695145808,1771350960,59,1,1,0.6429,0.0,0.6429,2,3,0.5711,0.4484,0.5,0.5,0.5,1.0,1.0,0.5,0.5,0.5,0.5,0.5,0,0,0,2,0,1,3,2,0,0,4,1,4,3,1,0,0,1,0,1,0,1,5,0,0,0,2,0,0,2,1,0,3,3,0,5,2,1,2,0,1,0,0,1,1,4
8695177931,1771352460,59,1,0,0.6,0.6,0.0,2,3,0.3926,0.4598,1.0,0.0,0.5,0.5,1.0,0.5,0.5,0.6667,0.5,0.5,0,0,0,2,0,0,1,1,0,1,5,1,4,0,0,2,0,1,0,0,0,2,4,0,1,1,2,0,1,2,0,0,1,5,1,4,1,0,0,0,1,1,0,1,1,5
8695219250,1771354929,59,0,1,1.0,0.3333,0.6667,3,3,0.631,0.3975,0.5,1.0,0.5,0.5,1.0,0.5,0.5,1.0,0.5,0.5,0,0,0,1,0,0,3,1,0,2,4,0,5,2,0,1,0,1,0,0,1,0,4,0,0,0,2,0,0,3,0,0,1,4,1,2,2,0,0,0,0,0,1,0,0,4
8695241710,1771355760,59,0,1,0.0,0.0,0.0,3,3,0.4257,0.5606,0.5,0.5,0.0,0.5,0.5,0.5,0.5,0.5,0.5,0.5,0,0,1,3,2,0,5,0,0,2,5,2,3,1,0,3,1,2,0,0,1,1,5,0,1,0,2,0,0,3,1,0,2,5,1,5,1,0,2,0,2,0,1,0,1,4
8695261608,1771357215,59,0,1,0.6,0.4444,0.1556,2,2,0.4915,0.5361,0.5,0.5,0.5,0.5,0.5,0.0,0.5,0.5,0.75,0.5,0,0,1,2,1,0,2,0,0,0,5,1,5,0,0,2,0,2,0,0,0,2,4,1,0,1,0,0,1,2,2,0,1,4,0,3,1,3,2,0,0,1,1,1,0,5
8695299239,1771359185,59,0,1,0.6667,0.4286,0.2381,3,3,0.4987,0.4773,1.0,0.5,0.5,1.0,0.5,0.0,0.3333,0.5,0.5,1.0,1,0,0,1,0,0,1,1,0,1,4,0,3,3,1,1,0,1,0,2,0,0,4,0,0,1,1,0,2,4,1,0,2,5,1,2,2,1,0,0,0,1,0,2,1,4
8695317896,1771359846,59,0,1,0.0,0.3333,-0.3333,3,2,0.4926,0.5065,0.5,0.0,0.5,0.0,0.5,0.5,1.0,0.5,0.5,0.0,0,0,0,2,2,0,4,0,0,1,5,0,4,1,0,2,1,2,0,0,1,0,4,1,2,0,0,0,1,1,0,0,2,4,0,4,4,1,3,1,0,1,2,0,1,3
8695336368,1771361100,59,1,1,0.5455,0.5,0.0455,2,3,0.5223,0.5462,0.0,1.0,0.5,0.5,0.0,1.0,1.0,1.0,0.5,0.5,1,0,0,3,0,0,3,2,0,0,4,2,4,0,2,1,0,2,0,0,0,2,4,0,0,0,2,1,0,4,1,0,1,4,0,5,1,2,1,0,2,0,0,1,0,5
8695864051,1771412100,59,1,1,0.6667,1.0,-0.3333,3,3,0.4445,0.5441,0.5,0.5,1.0,0.5,1.0,0.5,0.5,1.0,1.0,1.0,0,0,0,4,0,0,4,0,0,2,3,0,5,2,0,2,0,1,0,1,0,2,5,1,0,0,1,1,0,2,1,0,1,5,0,4,2,2,0,0,1,0,2,1,1,5
8695867426,1771412100,59,1,0,0.0,0.5625,-0.5625,3,3,0.4584,0.4598,0.5,0.5,0.5,0.5,0.0,0.5,0.5,0.0,0.5,1.0,1,1,1,2,0,0,2,0,0,1,5,1,3,4,1,1,1,0,1,1,0,1,5,0,0,0,3,0,0,3,2,0,2,5,1,3,1,1,2,1,0,0,2,1,1,5
8695879068,1771412504,59,1,1,0.9,0.0,0.9,2,3,0.5757,0.4136,1.0,0.8462,0.8889,1.0,1.0,0.5,0.0,0.5,0.0,0.5,0,0,0,3,0,0,5,2,0,2,5,1,4,0,2,1,0,1,0,0,1,1,4,0,1,2,1,0,0,2,0,0,2,5,1,4,2,0,2,1,0,1,0,0,1,4
8695931779,1771416241,59,0,1,0.5294,0.2,0.3294,3,3,0.4242,0.5957,0.5,0.0,0.0,0.5,0.0,0.5,0.5,0.5,0.0,0.0,0,0,0,3,0,0,1,0,1,1,4,0,5,1,0,2,0,0,0,1,0,1,4,0,1,0,2,0,0,2,3,0,1,5,0,5,2,0,2,0,1,1,1,0,0,3
8695931537,1771416600,59,0,0,0.6875,0.8,-0.1125,2,3,0.5462,0.3801,1.0,0.5,1.0,0.5,0.5,1.0,1.0,0.5,0.5,0.5,0,0,0,2,1,0,3,2,1,3,4,0,5,0,0,1,0,1,0,0,0,1,4,0,1,2,2,0,0,4,0,0,2,5,1,4,1,0,1,0,0,0,2,0,1,4
8695945509,1771416733,59,0,0,0.6364,0.0,0.6364,3,3,0.3657,0.5791,1.0,0.5,0.5,0.5,0.5,0.5,0.5,0.0,0.5,0.5,0,0,0,2,0,0,3,0,0,2,5,0,4,1,0,1,0,1,0,0,0,1,4,1,0,1,1,1,0,4,1,0,1,4,0,5,1,1,1,0,1,0,0,1,1,4
8695942998,1771417170,59,1,0,0.9,0.0,0.9,2,3,0.5742,0.5035,0.6667,0.8333,0.9,1.0,1.0,0.5,0.5,0.0,0.0,0.5,0,1,0,3,0,1,4,1,0,0,5,2,4,3,1,1,1,0,1,0,0,2,2,1,0,0,2,0,0,2,0,1,1,4,0,4,1,1,1,0,1,0,1,0,1,5
8696025726,1771421219,59,0,0,0.5,0.5,0.0,3,3,0.4787,0.4187,0.5,0.75,0.0,1.0,0.5,1.0,0.5,0.5,1.0,1.0,0,1,1,2,0,1,2,2,0,2,5,0,3,1,1,2,1,0,2,1,0,0,4,1,0,0,2,0,0,2,2,0,1,5,0,4,3,1,3,0,1,0,1,0,1,3
8696007524,1771421221,59,0,0,0.5,0.5833,-0.0833,3,3,0.4708,0.4448,0.5,0.5,0.0,0.5,1.0,0.5,0.5,0.0,0.5,0.0,1,0,1,2,0,0,4,0,0,3,4,1,2,3,1,1,1,0,0,1,1,0,4,0,0,1,3,0,0,4,0,0,3,3,0,4,2,0,2,0,0,0,2,0,2,4
8696016706,1771421286,59,0,1,0.0,0.4545,-0.4545,3,3,0.4814,0.4635,0.5,0.5,0.5,0.5,0.5,0.5,0.5,0.5,0.5,0.5,0,1,0,1,0,0,2,1,0,1,5,1,4,1,1,1,1,1,1,0,0,1,5,0,0,2,3,0,1,4,0,0,3,5,2,2,2,0,0,0,0,1,0,1,1,5
8696032319,1771422120,59,1,1,0.5,0.5,0.0,3,3,0.4643,0.6115,1.0,0.0,0.5,0.0,0.5,1.0,1.0,1.0,0.5,0.0,0,0,1,3,0,2,3,0,0,1,4,1,4,1,1,0,0,1,1,0,0,1,3,0,0,0,3,1,0,5,0,0,2,5,1,2,2,0,1,1,0,0,1,1,0,4
8696088640,1771424640,59,0,0,0.4,0.6154,-0.2154,3,2,0.364,0.5808,0.5,0.5,0.5,0.5,0.5,1.0,0.5,1.0,0.5,0.5,0,0,1,4,0,0,2,1,0,1,5,1,4,2,0,1,0,0,0,0,0,0,4,0,0,1,2,1,1,3,2,0,3,5,0,4,0,1,1,0,1,1,0,1,1,4
8696105036,1771425303,59,1,0,0.5,0.0,0.5,3,3,0.5103,0.5856,0.0,0.0,0.5,0.5,0.5,0.5,0.5,0.0,0.0,0.0,0,0,2,3,1,0,1,1,0,1,4,1,5,3,0,1,0,0,0,1,0,1,4,0,1,0,2,1,1,4,0,0,2,5,1,5,3,0,2,1,0,1,1,1,2,5
8696116685,1771425714,59,0,1,0.6,0.4706,0.1294,2,3,0.53,0.5471,0.5,0.5,1.0,1.0,0.5,0.5,0.6,1.0,0.0,0.3333,0,0,1,2,0,0,3,2,0,2,4,0,5,0,0,4,0,1,0,0,0,2,4,0,3,0,1,0,0,4,1,0,1,5,1,3,3,1,2,1,0,1,1,0,1,3
8696122466,1771426380,59,1,1,0.6,0.4444,0.1556,3,2,0.503,0.4736,0.0,1.0,0.5,0.5,0.5,0.5,0.5,0.5,0.5,0.5,0,2,0,1,0,0,3,1,0,1,4,1,4,2,2,2,1,1,1,0,0,1,4,1,0,0,2,1,0,2,0,1,0,5,0,4,2,1,0,0,1,0,1,0,0,5
8696203572,1771430100,59,0,0,0.0,0.5,-0.5,2,3,0.4726,0.5283,0.0,0.5,0.5,0.0,0.5,0.0,1.0,0.5,0.3333,0.0,0,0,0,2,0,0,3,0,0,1,4,0,5,0,1,1,0,1,0,0,1,1,4,0,1,0,2,0,0,2,1,0,1,4,0,4,2,0,2,1,0,1,0,0,0,5
8696216369,1771430282,59,0,0,0.2,0.3333,-0.1333,3,3,0.5857,0.4354,0.5,0.5,0.0,0.5,0.5,0.5,0.0,0.5,0.5,0.5,0,1,0,1,1,0,3,0,0,1,5,0,5,1,1,3,0,1,0,0,1,1,4,0,2,1,3,0,0,3,0,0,1,5,1,5,2,1,2,0,1,0,1,1,1,4
8696218051,1771430635,59,1,0,0.6471,0.5833,0.0638,2,2,0.4848,0.3616,0.5,1.0,0.0,0.5,1.0,0.5,0.5,1.0,0.5,1.0,1,1,0,0,0,0,2,0,1,1,3,0,4,3,1,1,0,1,0,3,0,0,5,1,0,2,2,0,0,3,0,1,2,5,1,4,0,0,1,0,0,0,1,0,1,4
8696228605,1771430988,59,1,1,0.95,0.8333,0.1167,3,3,0.5971,0.4196,1.0,1.0,0.5,1.0,1.0,0.5,1.0,1.0,1.0,0.5,1,0,0,3,0,0,4,1,0,3,5,1,4,2,1,1,0,1,0,1,1,1,4,0,1,0,3,1,0,3,0,1,2,5,0,4,2,0,2,1,0,1,2,0,0,5
8696286823,1771433821,59,0,0,0.5263,0.0,0.5263,3,3,0.4288,0.536,1.0,0.5,0.5,0.5,0.6667,0.5,0.5,0.5,0.5,0.0,0,1,2,2,0,0,3,0,0,2,4,1,3,3,0,1,1,0,1,1,0,0,4,1,0,1,2,0,0,4,0,1,2,4,0,4,2,1,0,0,0,0,0,2,0,4
8696295052,1771434180,59,1,0,0.4286,0.1667,0.2619,3,3,0.4727,0.3748,0.5,0.5,0.5,0.5,0.0,0.5,0.5,0.5,0.5,0.0,0,0,1,2,0,1,2,1,0,2,4,0,3,3,0,1,0,0,1,1,1,0,4,0,0,0,1,0,0,1,1,1,2,5,1,5,1,0,1,0,1,0,1,1,1,4
8696317708,1771435020,59,1,0,0.95,0.7143,0.2357,3,3,0.5085,0.46,1.0,0.8571,1.0,1.0,0.8333,0.5,0.5,0.5,1.0,0.5,0,1,0,2,1,0,3,1,0,2,4,0,4,2,0,4,2,2,1,0,1,0,5,0,0,2,1,0,0,4,0,0,3,5,2,3,2,0,0,0,0,0,1,0,1,4
8696315160,1771435079,59,0,0,0.5385,0.6667,-0.1282,3,2,0.4043,0.5915,1.0,0.0,0.0,0.5,0.6667,1.0,1.0,0.5,0.6667,1.0,0,0,1,1,0,1,2,0,0,1,4,0,4,2,0,1,0,0,1,0,1,1,4,0,0,0,1,1,0,3,2,0,0,3,0,4,1,2,1,0,1,0,0,0,1,5
8696400188,1771439101,59,1,0,0.6667,0.3333,0.3334,2,2,0.4979,0.5622,0.5,1.0,1.0,1.0,0.5,0.5,0.5,0.5,0.5,0.5,0,1,0,0,0,0,3,1,0,2,3,0,3,3,2,1,0,0,1,2,0,1,3,0,0,0,1,0,0,2,0,1,2,4,1,5,0,0,0,0,1,0,0,1,1,4
8696399585,1771439102,59,1,1,0.0,0.4,-0.4,3,3,0.638,0.5076,0.0,0.5,0.5,0.0,0.5,0.5,0.5,0.5,0.5,1.0,0,2,0,1,1,0,4,0,0,3,5,0,4,2,1,2,0,1,1,2,1,0,3,0,0,0,3,0,0,2,2,0,1,5,1,5,1,1,2,0,1,0,0,1,2,5
8696407511,1771439340,59,1,1,0.5,0.6429,-0.1429,3,1,0.4649,0.576,0.5,0.0,0.5,0.5,0.6667,0.5,1.0,0.5,0.5,1.0,0,1,1,3,0,0,3,1,1,3,5,1,3,2,0,2,1,1,1,1,0,0,5,1,0,1,0,0,2,1,0,0,0,3,1,3,3,2,0,0,0,2,1,0,2,4
8696428864,1771440475,59,1,1,0.5385,0.5,0.0385,3,3,0.7583,0.4441,0.5,1.0,0.5,1.0,0.5,0.5,0.3333,0.5,0.5,0.0,1,0,1,1,1,0,3,0,0,2,5,1,3,1,1,2,1,0,0,0,2,1,5,0,0,1,2,0,0,4,0,0,2,4,0,5,1,0,1,0,0,0,1,0,1,4
8696466009,1771442580,59,0,0,0.2857,0.7143,-0.4286,3,3,0.4644,0.5418,0.3333,0.5,0.5,0.5,0.0,0.5,0.5,1.0,0.5,0.6667,1,0,1,1,0,0,3,1,1,2,4,0,3,1,1,1,0,1,0,1,0,0,4,0,1,0,1,1,0,2,1,0,1,4,0,5,2,0,2,1,0,1,0,0,1,5
8696474752,1771442941,59,0,1,0.1429,0.3636,-0.2207,3,3,0.592,0.5672,0.5,0.5,0.0,0.5,0.0,0.5,0.5,0.5,0.5,0.5,0,0,0,2,2,0,3,0,0,1,4,1,5,1,1,1,0,1,1,0,1,3,4,0,1,0,2,0,0,4,0,0,2,5,1,4,1,0,2,1,1,0,1,1,1,4
8696488308,1771443188,59,0,1,0.6,0.5714,0.0286,3,3,0.529,0.5419,0.0,0.5,1.0,0.5,0.5,0.5,1.0,0.5,0.5,1.0,0,0,0,1,0,1,4,1,0,1,5,1,3,3,1,0,0,1,0,1,0,1,4,0,0,0,2,0,0,2,1,1,1,4,0,4,2,0,1,0,0,0,1,0,0,4
8696528491,1771445759,59,0,1,0.4737,0.5714,-0.0977,3,3,0.5057,0.4183,1.0,0.5,0.0,0.5,0.5,0.5,1.0,0.0,0.5,0.5,1,0,1,2,0,0,5,0,1,3,5,1,4,2,0,0,0,0,0,0,2,1,3,0,1,0,2,0,0,2,0,0,2,4,0,4,2,0,3,2,0,1,1,1,0,5
8697088694,1771498499,59,1,0,0.125,0.1429,-0.0179,2,3,0.4861,0.5292,0.5,0.0,0.5,0.5,0.0,1.0,0.5,0.5,0.5,0.0,1,0,0,3,0,0,2,0,0,0,5,1,4,2,1,0,0,1,0,1,0,1,4,0,0,0,2,1,0,4,2,0,2,5,1,3,1,1,1,0,1,0,1,0,2,4
8697089342,1771498501,59,0,0,0.625,0.5,0.125,3,2,0.627,0.5715,0.0,0.5,0.5,0.5,0.5,0.5,0.5,0.5,0.5,0.5,0,0,0,2,0,0,3,1,0,1,4,1,4,1,2,0,0,1,0,0,1,1,4,0,1,0,0,0,1,3,1,0,2,4,1,5,2,0,2,0,1,0,1,0,1,4
8697090294,1771498501,59,0,0,0.6842,0.5,0.1842,3,3,0.5586,0.4253,1.0,1.0,1.0,0.5,1.0,0.5,0.5,0.5,0.5,0.5,0,0,0,1,0,1,4,1,0,2,5,1,4,1,2,1,0,1,0,1,1,1,5,0,1,0,3,0,0,2,0,0,1,4,1,5,1,0,0,0,0,0,0,0,1,4
8697096074,1771498619,59,0,0,0.5,0.95,-0.45,1,3,0.5048,0.5938,0.6667,1.0,0.0,0.5,0.5,1.0,0.875,0.5,1.0,0.8571,0,0,0,0,1,1,3,1,0,0,4,1,4,1,2,1,0,0,1,0,0,4,3,0,1,0,2,0,0,4,1,0,2,5,1,5,1,1,2,1,1,1,0,1,1,4
8697151353,1771502099,59,1,0,0.2222,0.125,0.0972,3,3,0.4005,0.6127,0.5,0.5,0.0,0.3333,1.0,0.5,0.5,1.0,0.5,0.0,0,0,0,1,0,0,2,1,1,1,5,1,5,2,0,1,0,1,0,0,1,1,4,1,0,0,2,0,0,5,0,0,2,3,0,4,1,1,2,1,0,0,0,3,1,4
8697154213,1771502340,59,0,0,0.5,0.65,-0.15,3,3,0.4655,0.4541,0.0,0.75,0.0,0.0,0.5,0.6,0.5,0.5,0.6667,1.0,0,0,0,3,1,0,3,2,0,1,5,0,4,1,2,1,0,1,0,1,1,0,5,0,0,2,3,0,1,4,0,0,2,4,1,3,2,0,1,0,0,1,0,0,2,5
8697171723,1771503000,59,1,1,0.95,0.4667,0.4833,2,3,0.5487,0.3467,1.0,0.8571,0.75,1.0,1.0,0.0,0.5,0.5,0.5,0.5,0,0,0,2,0,0,4,2,0,3,5,0,5,0,1,2,0,2,0,0,1,0,5,0,1,1,3,0,0,3,1,0,3,5,1,3,2,1,2,1,0,1,2,0,0,5
8697190420,1771504080,59,1,1,0.5556,0.5556,0.0,3,3,0.4469,0.5853,0.0,1.0,0.5,0.5,0.5,1.0,1.0,0.5,0.5,0.5,0,1,0,3,0,0,3,0,0,2,5,0,3,2,0,1,1,0,1,1,0,0,4,0,0,2,3,0,1,3,1,0,2,5,1,3,2,1,0,0,0,1,1,1,0,5
8697249030,1771507498,59,0,0,0.45,0.4167,0.0333,3,2,0.5745,0.4686,0.5,0.5,0.5,0.5,0.5,0.5,0.5,0.5,0.5,1.0,0,0,0,1,1,1,4,2,0,2,5,1,4,1,2,0,0,0,0,0,1,2,4,0,0,0,3,1,0,2,0,0,0,4,0,5,1,0,2,0,1,0,0,0,1,4
8697255100,1771507517,59,0,0,0.5625,0.125,0.4375,3,3,0.5948,0.4772,1.0,0.5,0.5,0.5,1.0,0.5,0.0,0.0,0.5,0.5,1,0,0,1,0,0,4,2,0,3,4,0,4,1,3,2,0,1,0,1,1,0,5,0,0,1,2,0,1,3,0,0,1,4,0,4,2,1,0,0,0,2,0,2,1,4
8697256357,1771507799,59,1,0,0.6,0.25,0.35,2,2,0.5525,0.4886,0.6667,1.0,0.6667,1.0,1.0,0.5,0.0,0.0,0.5,0.5,0,0,1,0,0,1,3,0,0,2,4,0,3,1,1,1,1,0,1,0,3,0,5,0,0,1,2,0,0,2,2,1,3,5,0,5,0,0,1,0,1,0,0,0,0,4
8697269393,1771508520,59,1,0,0.75,0.625,0.125,3,3,0.4742,0.5039,0.5,0.3333,0.5,1.0,0.75,1.0,0.5,0.5,0.6667,1.0,0,1,0,2,0,0,3,0,0,2,5,0,4,2,0,2,1,0,1,2,0,0,4,0,1,0,2,1,0,3,0,0,2,4,0,4,2,0,2,0,2,0,2,0,0,5
8697328519,1771511339,59,0,1,0.2222,0.625,-0.4028,3,3,0.466,0.6426,0.5,0.0,0.5,0.5,0.5,0.6667,1.0,1.0,1.0,1.0,0,0,1,2,0,1,3,1,0,1,3,1,5,1,0,2,0,0,0,0,0,2,4,0,0,3,2,0,1,1,0,0,2,4,0,4,3,0,0,0,0,1,0,1,0,4
8697341660,1771511875,59,0,1,0.4615,0.4,0.0615,3,3,0.5409,0.4263,0.5,1.0,1.0,1.0,0.0,0.5,0.5,0.5,1.0,0.4,0,0,0,3,0,0,4,0,0,1,3,1,5,1,0,1,0,1,0,0,0,2,4,0,0,0,2,0,0,3,1,0,1,3,1,3,1,2,0,0,0,1,1,0,2,3
8697344540,1771511943,59,1,1,0.7778,0.5556,0.2222,3,2,0.5166,0.5316,1.0,0.5,0.5,1.0,1.0,0.0,1.0,0.0,1.0,1.0,0,1,0,1,1,0,3,0,0,2,4,0,4,2,1,2,0,1,1,2,0,1,3,0,0,0,3,0,0,4,0,1,1,4,1,5,0,0,1,0,0,0,0,0,2,4
8697361675,1771512420,59,0,0,0.2222,0.5294,-0.3072,3,3,0.461,0.6355,0.5,0.5,0.0,0.5,1.0,0.5,0.5,0.5,0.0,0.5,0,1,0,1,0,0,1,0,0,1,4,0,5,1,1,1,0,1,1,0,1,1,3,0,0,0,2,0,0,3,0,0,2,4,1,3,1,1,1,1,0,0,0,2,0,5
8697450883,1771516799,59,1,0,0.5,0.3,0.2,3,3,0.5175,0.5594,1.0,0.5,0.0,1.0,0.5,1.0,1.0,0.5,1.0,0.0,0,0,1,1,1,0,2,1,0,1,4,1,4,2,0,2,0,0,0,1,0,1,4,1,0,1,1,0,0,3,1,1,2,4,1,4,3,0,1,0,0,0,0,2,1,2
8697468814,1771517517,59,1,0,0.6,0.4375,0.1625,3,3,0.4728,0.4851,0.5,0.0,1.0,0.5,0.5,0.0,0.5,0.0,1.0,1.0,1,0,1,1,0,0,3,1,0,1,5,0,5,1,1,1,0,0,0,0,1,1,4,0,1,0,1,0,0,1,0,1,1,4,0,5,2,0,2,1,0,1,0,0,1,4
8697483686,1771518000,59,1,0,0.95,0.65,0.3,2,3,0.5947,0.474,0.5,0.8667,0.6667,1.0,0.5,0.6667,0.5,0.5,1.0,0.0,1,1,1,0,0,1,3,0,0,2,5,0,2,2,2,2,1,0,1,1,2,0,5,0,1,1,3,1,0,3,1,0,2,4,1,4,3,0,1,0,0,0,2,0,1,5
8697485006,1771518184,59,1,0,0.1111,0.5,-0.3889,2,2,0.4689,0.465,0.5,0.0,0.5,0.0,0.5,0.5,1.0,0.6,1.0,0.5,0,1,0,1,0,0,1,0,0,0,5,0,5,1,0,1,0,2,1,0,0,1,3,0,1,1,2,0,0,3,1,0,3,4,0,5,0,0,1,0,1,0,0,0,0,4
8697542120,1771520759,59,0,0,0.2727,0.5455,-0.2728,3,3,0.4785,0.5048,0.5,0.0,0.0,0.5,0.5,0.5,1.0,0.5,0.0,1.0,0,0,1,2,0,0,3,1,0,2,4,0,5,2,1,0,0,0,0,1,1,1,5,0,2,0,2,0,0,4,0,0,1,5,3,5,1,1,1,0,1,0,0,1,3,2
8697564182,1771521656,59,0,0,0.4118,0.6364,-0.2246,2,3,0.4025,0.5088,0.5,0.5,0.0,0.6667,0.6667,0.5,0.0,1.0,0.6667,0.0,0,0,0,2,0,0,1,2,1,0,5,2,5,1,0,1,0,0,0,1,0,2,5,1,2,0,1,1,0,3,0,0,2,5,0,3,5,1,2,1,0,1,3,0,0,4
8697576851,1771521780,59,1,0,0.6,0.95,-0.35,3,2,0.5439,0.6108,0.5,0.5,1.0,0.5,1.0,0.75,0.75,0.75,1.0,0.875,0,0,2,2,0,2,4,0,0,2,4,1,4,2,0,1,0,0,1,0,1,2,5,1,0,0,2,0,0,3,0,0,0,5,2,4,2,1,0,0,1,0,1,0,2,3
8697596107,1771522800,59,0,0,0.45,0.2,0.25,3,3,0.4827,0.531,0.6667,0.5,0.6667,1.0,1.0,0.5,0.5,0.0,0.0,0.0,0,0,0,1,0,1,4,1,0,3,3,0,3,1,2,1,0,0,1,0,1,1,3,0,0,0,2,0,1,4,0,1,2,5,1,4,3,0,0,0,0,0,1,1,1,4
8697666126,1771526396,59,0,1,0.5556,0.4286,0.127,3,3,0.5082,0.4902,0.5,0.5,0.5,0.6667,0.5,0.5,0.5,1.0,0.0,0.5,0,0,0,1,0,0,3,2,0,2,5,1,4,1,1,0,0,1,0,0,1,1,3,0,2,1,2,0,0,3,1,0,2,5,1,4,3,0,3,1,0,1,1,0,0,5
8697681037,1771526518,59,1,0,0.6471,0.5,0.1471,3,3,0.5754,0.4844,0.75,0.8,0.75,1.0,1.0,1.0,0.5,0.0,0.5,0.6667,0,0,2,2,0,0,3,1,0,3,5,1,4,3,1,1,0,0,0,0,2,0,5,1,1,0,2,0,1,3,0,0,2,5,1,3,3,1,2,1,0,1,2,1,1,3
8697682487,1771526591,59,0,0,0.2,0.4,-0.2,3,3,0.4497,0.4452,0.25,0.0,0.0,0.5,0.0,0.5,1.0,0.0,0.3333,0.5,0,0,0,2,0,0,3,1,0,1,4,0,3,2,1,0,0,1,0,1,0,0,5,0,0,0,4,1,0,4,0,0,3,4,0,4,2,1,1,0,0,1,1,1,1,4
8697698749,1771528137,59,0,0,0.2,0.8,-0.6,3,3,0.4959,0.4892,0.5,1.0,0.0,0.5,1.0,0.6667,0.5,0.5,1.0,0.8,1,0,0,2,0,0,2,0,0,1,4,0,4,3,2,1,0,0,0,1,1,1,4,0,2,0,1,0,0,2,0,0,1,4,2,5,2,1,2,1,1,1,0,0,2,4
8697723954,1771529520,59,1,1,0.4,0.1818,0.2182,3,3,0.4847,0.4232,1.0,1.0,0.5,0.5,0.0,0.5,0.0,0.5,0.5,0.5,1,0,1,1,0,0,2,0,0,1,4,1,4,1,2,0,0,0,1,1,0,2,4,0,1,0,2,0,0,2,0,0,1,5,0,5,1,0,3,1,1,1,1,0,1,4
8697750242,1771530420,59,0,0,0.4545,0.6667,-0.2122,3,3,0.6117,0.4936,0.0,0.5,1.0,0.5,0.5,0.5,0.5,0.5,1.0,1.0,0,0,0,2,1,1,4,0,0,3,5,1,3,2,0,2,1,0,0,0,3,1,4,1,1,1,3,0,0,3,0,0,2,5,2,3,3,1,2,1,0,1,2,0,1,4
8697754563,1771531016,59,1,0,0.5263,0.4667,0.0596,3,3,0.5261,0.372,0.5,0.6667,0.5,0.5,0.6667,0.0,0.5,1.0,0.5,0.5,0,0,0,2,0,0,3,0,1,3,4,0,4,2,1,1,0,0,0,2,1,0,4,0,1,0,3,0,0,3,1,0,3,3,0,5,3,1,2,0,0,0,2,1,1,5
8697789792,1771532760,59,0,1,0.8182,0.1818,0.6364,3,3,0.5053,0.5354,1.0,1.0,1.0,1.0,1.0,0.0,0.0,0.5,0.0,0.0,0,1,1,2,0,1,2,0,0,1,3,2,4,1,2,1,0,2,1,0,0,2,4,0,1,0,3,0,0,1,2,0,2,4,0,4,2,0,2,1,0,1,0,0,0,4
8698367105,1771584898,59,1,0,0.3889,0.5833,-0.1944,2,3,0.5038,0.5323,0.0,0.5,0.5,0.5,0.5,0.5,0.5,0.5,0.3333,1.0,1,0,0,2,0,0,2,0,0,0,4,1,4,2,1,0,0,1,0,1,0,1,5,0,0,1,2,0,0,2,1,0,1,5,2,4,1,0,1,0,1,0,0,0,1,4
8698367627,1771584900,59,1,0,0.65,0.25,0.4,3,3,0.519,0.6727,0.5714,1.0,1.0,1.0,0.75,1.0,0.5,0.0,0.5,0.5,0,0,2,3,0,0,4,1,0,2,5,1,4,3,0,1,0,0,0,0,1,0,4,1,0,0,4,2,0,4,0,0,1,5,2,3,1,0,2,0,1,0,0,0,2,4
8698371110,1771584939,59,0,0,0.2727,0.6667,-0.394,3,2,0.4528,0.4639,0.0,0.5,0.5,0.0,0.5,0.6667,0.5,0.0,0.75,0.5,0,0,0,1,0,0,3,0,1,1,5,2,5,1,0,1,0,0,0,0,1,3,2,0,1,1,0,0,1,3,0,0,3,5,0,3,3,0,1,1,0,1,1,1,0,3
8698371604,1771585098,59,1,0,0.9,0.45,0.45,3,3,0.5567,0.4105,0.5,0.5,1.0,0.8889,1.0,0.5,0.5,0.5,0.0,0.5,1,0,0,4,0,0,5,0,0,2,2,1,4,2,2,0,0,1,0,0,1,1,3,0,0,1,4,1,0,2,2,0,1,5,1,4,1,1,3,0,1,0,0,0,0,4
8698428156,1771588680,59,0,1,0.2308,0.7,-0.4692,2,3,0.4491,0.5109,0.5,0.0,0.0,0.5,0.5,1.0,1.0,1.0,0.5,0.8,0,0,0,3,0,0,3,1,0,2,5,1,5,0,0,2,0,2,0,0,0,2,4,0,0,2,1,0,1,2,1,0,1,3,0,4,2,0,2,0,0,1,0,0,1,4
8698437169,1771588741,59,1,0,0.4,0.95,-0.55,3,3,0.524,0.5244,0.5,0.5,0.0,0.5,0.5,1.0,1.0,0.9091,1.0,0.7778,0,1,1,2,1,1,3,0,0,2,4,0,3,2,0,2,0,1,1,2,0,0,4,0,0,0,2,0,0,4,2,0,1,5,0,4,1,1,1,0,0,0,0,1,0,5
8698438568,1771588800,59,0,1,0.25,0.6923,-0.4423,2,2,0.5537,0.5536,0.5,0.3333,0.5,0.0,0.5,0.5,0.6667,0.0,0.0,0.5,0,0,1,1,0,1,2,0,0,2,4,0,3,0,0,1,1,1,1,0,2,0,5,1,0,1,2,0,0,1,1,0,0,4,1,4,2,1,1,0,0,0,1,0,1,4
8698436662,1771588975,59,0,0,0.5385,0.4211,0.1174,3,3,0.5425,0.5808,1.0,0.5,0.5,0.5,0.5,0.5,1.0,1.0,0.5,1.0,0,0,1,1,0,1,2,2,1,2,5,0,4,1,1,2,0,1,1,0,1,0,4,0,2,0,1,0,0,3,0,0,2,5,2,5,2,1,2,0,1,0,1,1,2,3
8698519674,1771593900,59,0,0,0.6842,0.4375,0.2467,3,3,0.4017,0.4787,0.6667,0.5,0.6667,0.5,0.5,1.0,0.5,0.5,0.5,1.0,1,0,0,3,0,0,2,1,0,1,5,0,4,3,1,1,0,1,0,3,0,0,5,0,0,0,4,0,0,2,0,0,1,3,0,5,1,0,2,0,1,0,0,0,2,3
8698519769,1771593900,59,0,0,0.1667,0.4167,-0.25,2,2,0.4113,0.3925,1.0,0.0,0.0,0.5,0.5,0.6667,0.5,1.0,0.6667,1.0,0,0,0,4,0,0,2,2,0,0,4,0,5,1,1,2,0,0,0,0,0,1,4,1,0,0,2,0,0,1,1,0,0,5,0,4,3,1,2,0,0,0,1,0,1,3
8698542436,1771593960,59,1,0,0.25,0.4,-0.15,3,3,0.5031,0.5702,0.5,0.3333,0.3333,0.3333,0.0,1.0,0.0,0.5,1.0,1.0,0,1,0,2,0,0,4,0,0,4,5,1,4,3,0,1,1,0,1,0,2,1,4,1,0,0,2,0,0,3,0,0,1,4,0,4,3,2,0,0,0,0,1,2,0,5
8698568968,1771595222,59,0,0,0.75,0.55,0.2,3,3,0.4578,0.5154,1.0,1.0,1.0,1.0,0.5,0.5,0.0,0.0,1.0,0.75,0,0,0,2,1,0,3,1,0,2,4,1,3,2,1,1,0,0,0,2,0,1,4,0,0,1,3,0,0,5,0,0,5,5,1,3,2,1,0,0,0,0,0,2,0,5
8698613744,1771597560,59,0,1,0.3077,0.4,-0.0923,3,2,0.4629,0.4691,0.5,0.5,1.0,0.0,0.0,0.5,0.0,1.0,0.5,0.5,1,0,1,2,1,0,3,0,0,2,5,0,3,2,1,2,0,1,0,3,0,0,4,0,1,0,0,0,0,2,2,0,2,4,0,5,2,0,3,0,0,0,1,1,0,4
8698630441,1771598101,59,0,0,0.1538,0.4615,-0.3077,3,3,0.4989,0.4837,0.5,0.0,0.5,0.0,0.0,0.5,0.75,0.5,0.5,1.0,0,0,0,4,0,0,5,0,0,4,4,0,4,2,1,1,0,0,0,1,2,1,5,1,0,0,2,0,1,3,0,0,1,5,1,3,3,1,0,0,1,0,2,0,1,5
8698660679,1771599477,59,0,0,0.6,0.6923,-0.0923,3,2,0.5324,0.4417,0.6667,0.5,0.3333,1.0,0.3333,0.75,1.0,0.3333,0.5,0.5,0,0,1,1,0,1,3,2,0,2,5,0,2,1,1,1,0,2,1,1,0,0,4,0,0,1,2,0,0,3,0,0,2,4,1,5,0,1,0,0,2,0,0,0,1,4
8698668899,1771599660,59,1,0,0.4706,0.65,-0.1794,3,3,0.5433,0.5849,1.0,0.5,0.5,1.0,0.0,0.5,1.0,0.5,0.5,0.5,0,0,1,1,1,0,4,0,0,2,5,0,4,1,1,1,0,2,0,1,1,0,4,1,1,0,1,0,0,2,0,0,2,4,0,3,3,1,2,1,1,0,2,1,0,5
8698782516,1771604996,59,1,0,0.5,0.45,0.05,3,3,0.5326,0.604,0.0,0.3333,0.0,1.0,0.6667,0.5,0.5,1.0,1.0,1.0,0,0,1,2,0,1,1,0,1,1,5,0,3,1,0,0,0,0,1,1,0,0,4,2,0,0,1,0,0,3,1,0,2,5,0,3,1,2,1,0,1,0,1,1,0,5
8698904895,1771609797,59,1,0,0.45,0.5333,-0.0833,3,3,0.5229,0.5195,0.5,0.5,0.0,0.5,0.5,0.0,0.6667,1.0,1.0,0.5,0,0,0,1,0,0,1,3,1,2,4,0,5,1,0,3,0,1,0,0,1,0,4,0,2,0,2,0,1,2,0,0,2,5,0,4,2,0,1,0,1,0,1,1,0,4
8698996024,1771615300,59,0,0,0.5,0.5,0.0,2,3,0.6675,0.5061,0.5,1.0,1.0,0.5,0.6,0.3333,1.0,1.0,0.0,0.3333,0,0,1,3,0,0,1,0,0,0,3,0,5,1,0,0,0,0,0,0,0,0,4,1,0,1,2,0,0,3,1,0,2,5,1,3,2,1,1,0,2,0,1,0,0,5
8699819713,1771669515,59,0,0,0.6,0.7143,-0.1143,2,3,0.5955,0.4341,0.5,1.0,1.0,0.5,0.4,1.0,0.0,0.5,0.5,0.5,0,3,1,0,0,0,4,0,0,2,5,0,3,4,0,2,1,0,1,2,0,0,3,0,0,0,3,0,0,4,1,0,2,5,0,4,1,1,2,0,0,0,1,1,1,4
8699897894,1771673460,59,0,1,0.55,0.7333,-0.1833,3,3,0.503,0.4976,0.6,0.75,0.5,1.0,0.6667,0.5,1.0,1.0,1.0,0.5,0,0,1,3,0,0,4,1,0,3,4,1,4,1,1,2,0,1,1,1,1,1,4,1,1,1,1,0,0,3,0,1,3,5,0,3,1,0,1,0,1,0,1,0,0,4
8700062110,1771680778,59,0,0,0.7143,0.6,0.1143,3,1,0.5137,0.5635,0.8,0.5,0.5,0.5,0.8333,0.75,0.5,0.8,0.0,1.0,0,1,1,3,0,0,4,0,0,4,5,1,3,3,0,1,1,0,1,0,1,0,5,0,0,1,0,0,1,4,1,0,1,4,0,4,0,2,1,0,0,1,0,2,0,5
8700166436,1771684498,59,0,0,0.6,0.6667,-0.0667,2,2,0.58,0.5143,1.0,0.8,0.8333,0.5,0.5,0.6667,0.6,0.5,0.6667,0.6667,0,1,0,0,0,0,3,0,0,4,3,0,4,2,1,2,1,0,0,1,3,0,5,0,0,1,2,0,1,2,0,0,1,4,1,4,0,1,0,0,2,1,0,0,1,4
8700287136,1771689056,59,0,0,0.6875,0.55,0.1375,2,3,0.5215,0.5139,0.6667,0.6667,0.6667,0.8333,0.7143,0.4,0.6667,0.7143,0.8333,1.0,0,1,0,0,0,0,2,0,0,2,4,0,4,3,0,1,1,0,1,1,0,0,4,1,0,0,1,0,0,2,2,0,1,4,0,4,1,3,2,0,0,0,1,1,0,5
8700405044,1771693740,59,1,0,0.9,0.75,0.15,3,3,0.4951,0.5717,1.0,0.6,0.6,1.0,1.0,0.625,1.0,1.0,0.75,1.0,1,0,0,1,0,1,3,0,0,2,5,0,2,2,1,1,1,1,0,1,2,0,4,0,0,2,3,1,0,5,0,0,2,4,2,4,2,0,2,0,0,0,0,0,3,5
8700519354,1771698120,59,0,0,0.7,0.9,-0.2,3,3,0.4309,0.4752,0.5,0.6667,0.3333,0.75,0.3333,0.75,0.8889,0.8,1.0,1.0,0,1,0,2,0,0,2,2,0,1,4,1,4,2,2,1,0,0,1,2,0,2,4,0,1,0,4,1,0,4,0,0,2,5,0,5,3,0,2,1,1,1,1,1,0,5
8700643559,1771703520,59,0,1,0.5294,0.5,0.0294,3,3,0.4948,0.6603,1.0,0.5,0.5,1.0,0.5,1.0,0.5,0.6667,1.0,1.0,0,0,0,1,1,0,3,1,0,1,4,0,4,2,1,0,0,1,0,0,1,1,5,0,0,0,2,0,1,3,0,0,2,4,2,3,2,0,0,0,0,0,1,0,1,2
8700717009,1771707120,59,0,1,0.5,0.5263,-0.0263,3,3,0.5423,0.6027,0.5,1.0,0.5,0.5,0.4,1.0,0.5,0.75,1.0,1.0,0,0,0,3,1,0,3,0,0,3,4,1,5,1,0,2,0,1,0,1,2,1,5,1,0,0,3,1,0,4,0,0,1,4,1,4,1,2,1,0,1,0,0,2,0,4
8701415358,1771755934,59,1,0,0.5,0.6471,-0.1471,2,2,0.4714,0.5625,0.5,1.0,0.0,0.5,0.3333,0.0,0.5,1.0,0.75,1.0,1,1,1,0,0,1,2,1,1,2,4,0,3,3,0,2,1,0,1,0,1,0,3,0,0,0,3,1,0,3,0,0,0,3,1,5,1,1,1,0,1,1,0,1,2,3
8701495156,1771759799,59,0,0,0.6111,0.5,0.1111,3,3,0.4995,0.5268,1.0,0.5714,0.6,0.6,1.0,0.5,0.5,0.6667,1.0,0.8,0,1,0,1,0,0,3,0,0,1,4,1,5,1,0,1,0,1,0,1,0,1,3,0,0,2,3,1,0,5,0,0,3,5,1,4,2,1,1,0,1,0,0,2,0,5
8701666212,1771766698,59,0,0,0.65,0.6,0.05,3,3,0.513,0.5029,0.5,0.75,0.5,1.0,0.5,0.5,0.75,0.75,0.8571,1.0,0,0,1,4,0,0,5,1,0,3,4,0,5,2,0,2,0,1,0,0,1,1,5,0,0,2,1,0,0,3,2,0,2,4,1,4,1,2,2,0,0,0,0,1,0,5
8701817219,1771771916,59,1,1,0.65,0.6,0.05,2,3,0.5172,0.6026,1.0,0.5,0.7778,0.5,0.5,0.3333,0.6,0.5,0.75,0.0,0,1,1,0,0,0,3,1,0,1,5,0,4,1,1,1,0,0,0,0,1,0,4,0,0,1,3,0,1,5,2,0,2,4,0,5,2,1,2,0,1,0,0,1,0,4
8701978003,1771777800,59,0,0,0.4737,0.75,-0.2763,3,3,0.56,0.5099,0.0,0.5,0.5,0.6667,0.5,0.5,0.75,0.5,1.0,1.0,0,1,0,2,1,1,2,0,0,1,4,0,5,2,0,1,1,0,1,0,1,1,4,0,0,1,1,0,0,1,1,0,1,3,0,5,1,1,1,0,0,1,0,0,1,4
8702081221,1771781880,59,1,0,0.7647,0.45,0.3147,3,3,0.5774,0.6434,1.0,0.5,0.5,0.5,1.0,1.0,0.5,1.0,1.0,0.0,1,0,0,3,0,0,4,2,0,1,4,1,3,2,2,1,0,1,0,1,0,1,4,0,1,0,2,0,1,2,0,0,1,4,1,5,2,1,0,0,0,1,0,1,1,4
8702232936,1771788304,59,1,1,0.9,0.55,0.35,3,3,0.4832,0.4332,1.0,0.6667,1.0,0.5,0.8571,1.0,0.0,0.0,0.6667,0.6667,0,0,0,3,1,1,3,0,0,2,5,0,3,1,0,1,0,2,0,0,1,0,4,0,0,0,3,0,0,3,2,0,2,5,0,4,1,1,2,0,2,0,0,1,1,4
8702331491,1771792920,59,1,1,0.9,0.55,0.35,3,3,0.4942,0.4993,1.0,0.7143,0.8333,1.0,1.0,0.5,1.0,1.0,1.0,1.0,0,0,0,2,0,1,3,1,0,1,5,0,3,1,1,0,0,1,0,0,1,0,4,0,0,2,3,0,0,4,0,0,3,3,1,4,1,1,1,0,1,0,0,0,1,5
8702997623,1771842851,59,1,1,0.45,0.5789,-0.1289,3,2,0.5081,0.4349,0.6667,0.0,1.0,0.5,0.75,0.5,0.75,0.5,0.5,0.5,1,0,0,1,0,0,2,1,0,3,4,0,3,3,1,0,0,0,0,2,0,0,3,0,0,0,1,0,0,4,1,0,1,3,0,4,0,2,0,0,1,0,0,1,0,4
8703101544,1771847457,59,0,0,0.55,0.5,0.05,2,3,0.5018,0.5817,0.75,1.0,0.6667,0.5,0.625,0.5,0.5,1.0,0.25,0.8,0,1,1,2,1,1,1,1,0,0,4,0,4,3,0,1,1,0,2,1,0,1,5,1,0,0,2,0,0,4,1,0,3,5,1,3,2,1,1,0,1,0,2,0,1,3
8703243107,1771853095,59,0,0,0.55,0.5,0.05,3,3,0.5309,0.5401,0.5,0.5,0.0,0.0,0.8,1.0,0.5,0.25,1.0,0.4286,0,0,0,1,0,0,2,1,0,1,5,1,5,1,1,1,0,2,0,0,1,1,4,0,1,0,2,0,1,4,1,0,2,4,1,2,2,1,2,1,0,1,0,1,1,4
8703354577,1771857238,59,1,0,0.55,0.55,0.0,1,3,0.546,0.5438,0.5,0.0,0.4,0.5,0.8333,0.6667,0.5,0.5,0.5,0.8,0,0,2,0,0,1,4,1,0,2,5,0,2,0,2,1,1,0,1,0,2,0,5,0,0,0,3,0,1,5,0,0,1,4,3,3,1,0,1,0,0,0,0,0,3,4
8703518862,1771863986,59,0,0,0.9,0.7,0.2,3,3,0.5317,0.4981,1.0,0.875,1.0,1.0,1.0,1.0,0.8,0.6667,0.875,1.0,0,0,0,3,0,1,4,0,0,3,4,1,4,1,1,0,0,0,0,0,2,1,3,0,1,2,1,0,0,2,2,0,1,4,1,4,2,1,3,1,0,1,0,0,0,5
8703596234,1771867320,59,1,1,0.85,0.75,0.1,3,3,0.5513,0.5716,1.0,0.75,0.8462,1.0,1.0,0.8,0.6,0.75,0.8889,1.0,0,1,0,1,0,0,4,1,0,2,5,0,4,2,1,1,0,1,0,0,1,0,5,0,1,2,2,0,0,1,2,0,2,5,1,4,3,0,2,1,0,1,0,0,0,4
8703682176,1771871340,59,0,0,0.7,0.85,-0.15,3,3,0.5399,0.5567,0.6667,0.8333,0.8,1.0,0.5,0.5,0.7778,0.6667,0.9,1.0,0,0,1,1,0,0,3,1,0,2,4,0,5,1,2,2,0,1,0,1,1,0,5,1,0,0,1,0,0,2,0,0,2,4,1,4,1,1,0,0,1,0,1,1,1,4
8703811606,1771878120,59,0,1,0.55,0.7778,-0.2278,3,3,0.5074,0.5028,0.6667,0.6667,0.5,0.8,0.6667,0.75,0.6667,0.6667,0.5,0.0,0,0,0,2,0,0,2,0,0,1,3,0,5,1,0,2,0,0,0,0,1,2,4,0,1,1,2,0,0,4,1,0,3,5,1,3,3,1,1,1,0,1,0,1,0,5
8703862527,1771881360,59,1,1,0.7895,0.55,0.2395,3,3,0.5112,0.507,1.0,1.0,0.5,0.8,0.3333,1.0,0.5,0.5,0.0,0.5,0,0,0,1,0,0,3,0,0,2,5,0,3,1,0,0,0,2,0,1,0,0,4,0,1,1,3,0,0,4,2,0,2,5,1,3,2,1,2,1,2,1,0,0,0,5
8704372110,1771928695,59,0,0,0.6,0.7,-0.1,2,2,0.4907,0.5593,0.5,1.0,1.0,1.0,0.8571,0.5,0.6667,0.4,0.6667,1.0,0,0,0,2,0,0,3,1,1,2,4,0,5,0,1,2,0,0,0,0,1,1,5,1,1,0,0,0,0,3,0,0,1,5,0,2,2,1,1,1,1,0,1,1,0,4
8704436647,1771932783,59,0,1,0.55,0.7,-0.15,2,2,0.52,0.56,0.0,0.5,0.5,0.5,0.75,0.5714,1.0,0.0,0.5,1.0,0,0,2,2,0,0,4,0,0,1,5,1,5,0,1,0,0,0,0,0,1,1,4,0,0,1,3,0,0,1,1,0,0,5,1,5,2,0,1,0,0,0,0,0,1,2
8704584247,1771939498,59,1,0,0.55,0.55,0.0,2,3,0.5243,0.4981,0.5,1.0,1.0,0.5,0.6667,0.0,0.5,0.5,0.5,0.3333,2,0,2,2,0,1,3,1,1,1,4,0,3,0,1,1,0,3,1,0,0,0,4,0,1,0,2,1,0,2,1,1,2,4,0,5,1,0,3,1,2,1,0,1,0,5
8704672982,1771942917,59,1,0,0.55,0.55,0.0,3,3,0.4702,0.422,0.0,0.5,0.0,0.5,0.3333,0.5556,0.5,1.0,0.5,0.5,0,0,0,2,0,1,4,1,0,2,4,0,3,1,1,1,0,1,0,0,1,1,4,0,0,3,2,0,1,4,0,0,2,5,2,3,1,1,1,0,1,1,0,1,0,5
8704809958,1771948496,59,1,0,0.55,0.5,0.05,3,3,0.4758,0.3579,0.5,0.0,0.5,0.5,0.8333,1.0,1.0,0.6667,0.0,0.6667,0,0,0,2,1,0,3,1,0,1,5,1,3,1,1,1,0,2,0,1,0,1,4,1,0,0,3,0,0,3,0,0,2,4,1,4,1,1,3,0,2,0,2,0,1,5
8704911047,1771953000,59,0,0,0.55,0.55,0.0,2,3,0.5112,0.5068,0.6,0.6,0.4286,0.0,0.5556,0.0,0.3333,0.5,0.0,0.5,0,1,1,0,0,1,2,1,0,1,5,0,3,1,2,1,1,1,2,0,1,0,5,0,0,2,3,0,0,4,0,0,3,5,1,3,2,0,0,0,1,0,0,1,0,5
8704994010,1771956900,59,0,1,0.5,0.55,-0.05,3,3,0.5301,0.5399,0.5714,0.0,1.0,1.0,0.5,0.5,1.0,0.5,0.25,0.6,0,1,0,1,0,0,3,1,0,1,5,0,5,1,0,2,1,0,1,0,1,0,5,0,0,0,2,0,0,3,0,0,2,5,0,4,1,0,0,0,1,0,0,1,0,5
8705093983,1771961940,59,0,1,0.85,0.8,0.05,3,3,0.5123,0.5686,1.0,0.9,0.8333,1.0,1.0,0.0,0.75,1.0,0.8333,1.0,0,1,0,2,0,0,3,0,0,2,5,0,5,2,0,1,1,2,1,0,1,0,5,0,0,0,1,0,0,4,1,0,2,4,0,3,2,2,0,0,0,0,1,1,0,4
8705170081,1771966440,59,1,0,0.8,0.8,0.0,3,3,0.506,0.5315,1.0,0.8,0.8571,0.75,0.5,1.0,1.0,0.75,0.8571,1.0,0,1,0,2,0,0,4,1,0,1,5,0,3,3,1,0,0,1,0,0,1,0,4,0,0,0,1,0,0,4,0,0,2,4,0,4,1,1,0,0,0,1,1,1,1,3
8705234350,1771971382,59,0,1,0.8,0.75,0.05,3,3,0.5291,0.5194,1.0,1.0,0.75,0.8333,1.0,0.8,0.8,1.0,0.5,0.5,0,0,1,2,0,1,3,1,0,2,3,0,4,2,1,1,0,1,0,0,1,0,4,0,1,1,3,1,0,4,1,0,2,5,2,2,2,1,2,1,0,1,1,0,1,5
8705689500,1772015097,59,0,0,0.55,0.5,0.05,3,2,0.543,0.4855,0.0,1.0,0.0,1.0,0.3333,0.5,0.0,1.0,1.0,0.5,0,0,0,2,0,0,2,2,0,1,4,0,5,1,0,2,0,0,0,0,1,0,4,0,1,0,3,1,0,3,0,0,0,5,2,5,2,0,1,1,0,1,0,0,3,4
8705770056,1772020136,59,0,0,0.55,0.5,0.05,3,3,0.5098,0.4648,0.5,1.0,0.5,0.6667,0.5556,0.5,0.5,0.5,0.5,0.4286,0,1,0,3,2,0,4,0,0,2,5,0,3,2,0,3,2,1,1,0,1,0,5,0,1,1,2,0,0,4,0,0,2,5,2,4,2,0,1,0,1,0,1,0,1,4
8705868819,1772024876,59,0,0,0.5,0.5,0.0,3,3,0.4665,0.5131,0.0,0.5,0.3333,1.0,0.25,0.5714,1.0,0.3333,0.3333,1.0,0,0,0,1,0,0,1,1,1,1,4,0,5,2,0,1,0,1,0,0,1,0,4,1,0,2,3,0,0,4,1,0,3,3,1,3,2,1,2,0,1,0,1,0,1,4
8705985032,1772029556,59,1,0,0.45,0.75,-0.3,2,3,0.5491,0.5106,0.5,0.6667,0.0,0.5,0.8333,0.5,0.8,1.0,1.0,0.5,1,0,0,0,0,0,3,1,0,2,5,1,3,3,1,2,1,0,0,1,2,1,3,0,2,1,1,0,0,3,1,1,1,5,1,5,1,1,3,0,1,1,1,0,1,4
8706108597,1772034719,59,0,1,0.45,0.7,-0.25,3,3,0.5356,0.5046,0.25,0.5,0.5,1.0,0.8571,0.8333,1.0,1.0,0.5,0.5,0,0,0,2,0,0,4,3,0,3,5,0,4,2,1,2,0,1,0,0,1,0,4,0,1,1,2,0,0,3,0,0,1,5,0,4,1,0,1,1,0,1,0,0,0,5
8706217180,1772039636,59,0,0,0.4,0.75,-0.35,3,3,0.4968,0.6529,0.5,1.0,1.0,1.0,0.7143,1.0,0.5,0.5,0.6667,1.0,0,0,2,3,0,0,3,0,0,2,4,1,4,2,1,1,0,1,0,0,1,0,5,1,0,0,2,0,0,4,0,0,2,4,0,4,2,1,0,0,0,0,1,2,1,4
8706315543,1772044380,59,0,1,0.55,0.75,-0.2,3,3,0.5121,0.5599,0.6667,1.0,0.6667,1.0,0.6667,1.0,0.7143,0.7273,0.8,1.0,0,1,0,1,1,0,3,0,0,2,5,0,5,2,0,1,0,2,0,1,1,1,5,0,0,0,2,0,0,3,1,0,3,4,0,3,1,1,2,1,0,0,0,2,0,5
8706393740,1772048400,59,1,0,0.75,0.5,0.25,3,2,0.6339,0.5509,0.5714,0.7143,1.0,0.75,1.0,0.5,0.5,0.5,0.5,1.0,1,0,1,2,0,0,2,1,0,1,4,0,4,1,2,1,0,0,0,1,0,0,4,0,1,0,3,0,0,5,0,0,0,4,2,5,0,1,1,0,1,0,0,1,2,3
8706467498,1772052841,59,1,0,0.75,0.5,0.25,3,2,0.5574,0.4959,0.8,0.8182,1.0,1.0,0.8571,0.5,0.0,0.375,0.5,0.5,0,1,0,2,0,0,1,0,0,1,3,0,5,3,0,1,1,0,1,0,0,0,5,0,0,0,3,0,0,4,0,0,2,5,1,4,0,1,0,0,1,0,0,1,1,4
8706520721,1772056920,59,1,0,0.45,0.75,-0.3,2,3,0.4815,0.4939,0.5,0.5,0.5,0.4286,0.75,0.8571,0.8182,0.8667,0.7143,0.875,0,0,1,3,1,1,4,0,0,1,4,2,4,0,1,1,0,1,1,0,0,2,4,0,0,0,2,1,1,3,2,0,2,5,0,3,1,1,1,0,2,0,0,1,0,3
8706561733,1772060820,59,1,1,0.45,0.7,-0.25,2,2,0.5423,0.5086,0.5,0.5,0.5,0.0,0.4545,1.0,0.75,0.8125,0.625,0.875,0,1,0,3,0,0,1,1,0,0,4,1,4,3,0,1,1,0,1,1,0,0,5,0,0,0,2,0,0,3,3,0,3,5,0,4,0,1,1,0,2,0,0,0,0,4
8706982309,1772101496,59,0,0,0.45,0.75,-0.3,3,2,0.4974,0.5092,0.3333,0.6,0.5,1.0,0.25,0.5,0.75,0.0,0.8182,1.0,0,2,0,1,0,1,4,0,0,3,5,1,3,3,0,2,1,0,1,1,1,1,3,0,0,1,1,0,1,1,2,0,0,3,0,4,0,2,2,0,0,2,0,0,1,4
8707039268,1772105095,59,1,1,0.45,0.75,-0.3,3,3,0.5147,0.5501,0.5,1.0,0.6667,0.3333,0.5,0.625,0.7778,0.6,0.5,0.8333,0,0,0,2,1,0,4,1,0,1,5,0,4,2,1,0,0,1,0,0,1,0,5,0,1,2,1,0,0,3,1,0,2,4,1,4,3,1,2,1,0,1,0,0,0,5
8707134142,1772109836,59,1,0,0.7,0.45,0.25,2,3,0.4843,0.493,1.0,0.75,0.5,0.6667,1.0,0.6,0.5,0.5,0.4,0.5,0,0,0,3,0,0,3,0,0,3,5,0,3,0,0,2,1,1,0,1,1,0,5,0,1,1,4,0,0,4,0,0,2,4,2,4,1,0,0,0,0,0,0,0,1,3
8707250597,1772114637,59,0,0,0.75,0.45,0.3,3,2,0.4789,0.4444,0.8571,0.5,0.5,1.0,0.6667,0.5,0.0,0.6,0.5,0.3333,2,1,2,2,0,0,3,0,1,2,5,1,2,4,1,1,1,0,1,1,0,0,4,0,0,1,2,0,0,3,1,0,0,3,0,5,2,0,0,0,0,0,1,1,0,4
8707360093,1772118897,59,0,0,0.45,0.75,-0.3,3,3,0.4727,0.5077,0.5,0.5556,0.5,0.6667,0.8,1.0,1.0,0.6667,1.0,1.0,0,1,0,3,0,0,4,0,0,1,4,1,5,1,2,1,0,2,0,0,0,1,4,0,0,0,4,0,0,3,0,0,2,4,1,4,1,0,2,0,0,0,1,0,2,3
8707467954,1772123516,59,1,1,0.8,0.4,0.4,2,3,0.5231,0.4954,1.0,0.5,0.5,0.75,0.5,0.5,0.5,0.0,0.5,0.0,0,0,0,3,1,0,4,0,0,1,5,1,4,0,0,0,0,1,0,1,0,2,4,0,0,1,2,0,0,3,0,0,2,5,2,4,1,0,0,0,1,0,0,0,1,4
8707575685,1772128500,59,0,0,0.5,0.65,-0.15,3,2,0.4756,0.4988,0.625,0.5,1.0,0.5,0.5,0.6667,0.6923,1.0,0.7143,0.7778,0,1,1,2,1,0,4,0,0,2,5,1,3,3,0,2,2,0,1,0,1,1,5,0,0,0,1,1,0,2,1,0,1,4,0,5,0,0,2,0,2,0,0,2,0,5
8707662784,1772132820,59,0,0,0.65,0.45,0.2,3,2,0.4787,0.5335,0.75,0.8235,1.0,0.75,1.0,0.0,0.5,0.0,0.4,0.4545,0,0,0,1,0,1,3,1,0,2,4,0,4,3,1,1,0,0,0,0,2,0,4,1,1,0,0,0,0,3,0,0,3,5,1,3,3,1,2,2,0,1,1,2,1,4
8707774059,1772138894,59,1,0,0.5,0.6,-0.1,2,3,0.5402,0.5072,1.0,1.0,0.5,0.5,1.0,0.6667,0.7143,0.7143,0.5,1.0,1,0,1,2,0,1,3,2,0,2,2,1,3,0,1,3,0,1,2,0,0,2,4,0,0,0,2,0,1,4,0,0,2,5,0,3,2,0,0,0,2,0,1,1,0,3
8707822522,1772142720,59,1,0,0.4,0.45,-0.05,3,3,0.5525,0.4535,1.0,0.5,0.0,1.0,0.25,0.0,0.5,1.0,0.5,0.5714,0,0,0,1,0,0,2,0,0,2,3,0,4,1,1,1,1,0,1,0,1,1,4,0,2,1,3,0,1,2,0,0,1,5,2,4,1,1,1,0,1,1,0,1,2,4
8707867898,1772146740,59,0,1,0.4,0.45,-0.05,3,3,0.5192,0.5087,0.5,1.0,0.75,0.5,0.625,0.5,0.5,0.0,0.5,0.5,0,0,1,2,1,1,3,0,0,1,5,0,3,2,0,0,0,2,1,1,0,0,4,0,1,0,2,0,0,2,0,0,1,5,0,4,1,0,1,1,1,1,1,0,0,5
8707906607,1772151035,59,1,1,0.35,0.5,-0.15,3,3,0.4759,0.4751,1.0,0.5,0.5,0.6667,0.5,1.0,1.0,0.0,1.0,0.5,0,0,1,2,0,1,3,0,0,2,5,0,4,1,1,0,0,0,1,0,2,0,4,0,0,0,1,0,0,2,0,1,1,4,0,4,2,0,0,0,1,0,1,0,0,4
8708293887,1772187898,59,1,1,0.7,0.85,-0.15,3,3,0.5276,0.4716,0.5,0.7778,1.0,1.0,0.5,1.0,0.5,0.75,1.0,1.0,0,1,0,2,1,0,3,0,0,1,4,3,4,1,1,3,1,1,0,0,1,3,4,0,0,0,1,0,0,3,0,0,2,5,0,5,1,1,2,0,1,0,1,1,2,4
8708294079,1772187900,59,0,0,0.55,0.4,0.15,3,2,0.5446,0.5447,0.8889,0.5,0.8571,0.9091,1.0,0.5,1.0,0.0,0.5,0.5556,0,1,0,4,0,0,5,1,0,4,4,1,4,1,1,2,0,2,0,1,0,1,4,0,0,0,1,0,1,2,0,0,0,5,1,5,1,0,0,0,1,0,0,0,1,5
8708347585,1772191260,59,0,0,0.45,0.5,-0.05,2,3,0.4716,0.5325,0.6667,0.3333,0.5,0.6667,0.5,0.8,0.8333,0.6,0.3333,0.7778,0,0,0,2,0,1,2,0,0,0,5,1,5,1,0,0,0,0,0,0,0,1,5,0,1,1,1,0,0,4,1,0,3,5,0,4,2,0,2,1,1,1,1,0,0,4
8708368779,1772192458,59,1,1,0.8,0.7,0.1,3,3,0.5775,0.5375,1.0,0.6667,0.75,0.5,1.0,0.6667,0.5,0.75,1.0,0.7143,0,1,0,2,0,0,3,0,0,2,5,0,5,2,0,1,0,0,0,1,2,0,5,0,0,1,3,1,0,4,0,0,2,4,3,4,2,1,1,0,0,0,0,1,2,4
8708443393,1772196118,59,0,0,0.65,0.8,-0.15,3,2,0.6156,0.5457,0.5556,0.7,1.0,0.0,1.0,0.0,0.5,1.0,0.6667,1.0,0,0,2,2,0,0,1,1,0,1,4,0,5,1,1,1,0,1,0,0,0,0,4,0,1,0,2,0,0,4,1,1,1,5,2,5,0,1,2,0,2,0,0,0,2,3
8708445472,1772196180,59,0,0,0.45,0.55,-0.1,3,3,0.4649,0.5953,0.5,0.0,1.0,0.3333,0.2,1.0,0.8462,0.5,0.8333,0.6667,0,0,0,4,0,0,3,2,0,2,5,0,5,1,0,3,0,1,0,1,0,0,4,0,3,0,1,0,0,3,0,0,1,5,1,4,3,0,2,1,0,1,1,0,1,3
8708568399,1772201275,59,0,1,0.55,0.5,0.05,3,2,0.5652,0.5484,1.0,0.5,0.5,0.5,1.0,0.5,0.6667,0.0,0.5,0.0,0,0,0,4,0,0,3,0,0,2,3,0,4,2,0,1,0,1,0,1,0,1,3,1,0,0,2,1,0,2,0,0,0,5,1,3,1,1,1,0,3,0,1,0,0,5
8708565430,1772202250,59,1,0,0.4,0.35,0.05,3,2,0.4574,0.5503,0.5,0.75,0.5,0.0,1.0,1.0,0.5,0.5,0.5,0.6667,1,1,0,3,0,0,2,1,1,2,5,0,4,2,1,2,1,0,2,2,0,0,4,0,0,1,2,0,0,2,0,0,0,4,0,5,0,1,0,0,1,1,0,0,1,4
8708689404,1772206023,59,1,0,0.55,0.5,0.05,3,3,0.5546,0.5867,0.5556,0.6667,0.5,1.0,0.6667,0.5,0.5,0.5,0.5,0.5,1,0,1,2,0,0,4,0,0,3,5,2,3,2,2,0,0,0,0,1,1,1,4,0,0,0,1,0,0,1,1,0,1,3,0,4,1,1,2,2,0,1,0,1,1,4
8708690141,1772206140,59,0,0,0.3,0.4,-0.1,3,3,0.4961,0.4133,0.5,0.5,1.0,0.7143,0.5,0.5,0.8,1.0,0.5,1.0,0,0,0,2,0,1,3,1,0,1,4,0,3,2,2,0,0,0,1,1,0,1,1,1,1,0,3,0,0,1,1,0,1,4,0,4,2,1,1,1,0,2,1,0,0,3
8708807338,1772211121,59,0,0,0.55,0.45,0.1,3,3,0.4717,0.5796,1.0,0.3333,0.0,1.0,0.7,0.6667,0.5,0.8,1.0,0.5,0,0,1,2,0,1,3,1,0,1,5,0,4,1,1,1,0,1,1,0,1,0,5,1,1,2,2,0,0,3,0,0,1,5,2,2,3,1,1,1,0,1,1,0,0,5
8710019404,1772286964,59,0,0,0.55,0.55,0.0,3,3,0.6059,0.4893,1.0,0.6667,0.7647,0.8462,0.75,0.6,0.6667,0.3333,1.0,0.8,1,1,0,1,0,0,4,1,0,1,4,1,4,2,2,1,0,1,0,1,1,1,3,0,0,1,4,0,0,4,1,0,4,4,1,3,2,0,2,0,0,0,0,1,1,5
8710135523,1772291096,59,0,0,0.55,0.55,0.0,3,2,0.5166,0.5107,0.5,0.4,0.5,0.5,0.5,0.8182,0.7778,1.0,1.0,0.8,0,0,0,1,0,0,3,2,0,1,5,1,4,2,1,1,0,0,0,0,1,1,3,0,0,0,2,1,0,4,1,1,3,5,0,4,0,1,3,1,2,0,0,2,0,5
8710260672,1772295835,59,0,0,0.5,0.55,-0.05,3,3,0.5249,0.505,0.6364,0.5,0.8,0.5,0.6364,0.6,0.8571,0.625,1.0,0.8182,0,1,1,1,1,0,5,0,0,4,5,1,3,2,1,2,1,0,0,1,2,1,5,0,1,0,3,1,1,3,0,0,1,5,0,4,2,0,2,1,2,1,0,1,0,4
8710371476,1772300335,59,0,1,0.8,0.6,0.2,2,3,0.5077,0.5959,0.6667,0.6667,0.6,0.75,0.5,0.5,1.0,0.75,0.8333,1.0,0,0,1,0,0,0,3,0,0,3,5,1,4,2,0,0,0,1,0,1,1,1,3,0,0,1,3,0,0,1,1,0,2,3,0,5,3,0,1,0,0,0,0,1,0,4
8710481024,1772305014,59,1,1,0.65,0.75,-0.1,2,2,0.4764,0.4548,0.6667,0.8,1.0,0.75,0.8571,0.3333,1.0,0.5,0.6667,1.0,0,1,0,3,0,0,4,0,0,2,5,1,4,0,1,3,1,2,0,1,1,1,4,0,0,0,3,0,0,4,1,0,3,4,0,4,0,1,2,0,1,0,0,1,1,4
8711465051,1772366096,59,1,1,0.55,0.7,-0.15,3,3,0.5934,0.468,0.8333,0.8667,1.0,1.0,0.8,1.0,0.6667,0.0,0.8,0.6,0,1,0,2,0,0,2,0,0,1,4,0,5,2,0,1,1,0,1,0,1,0,5,0,0,0,3,0,0,3,0,1,2,5,0,4,2,0,0,0,1,0,1,1,0,5
8711578057,1772370355,59,1,0,0.55,0.65,-0.1,3,3,0.5541,0.4423,0.75,0.875,0.75,1.0,1.0,1.0,0.5714,0.6,0.5,0.6667,0,1,1,2,0,1,1,0,0,2,4,0,3,1,0,1,1,0,2,0,1,0,5,0,0,1,1,0,0,3,0,0,2,4,0,5,1,0,2,0,0,0,1,0,2,3
8711768658,1772376899,59,0,0,0.55,0.7,-0.15,3,2,0.5644,0.5133,0.6364,0.625,1.0,0.7857,1.0,0.5,0.8182,0.5,1.0,0.875,0,0,0,2,0,1,3,0,0,1,4,1,4,2,0,0,0,1,0,0,1,1,3,0,0,1,2,1,1,2,0,0,1,4,0,3,0,1,2,1,1,2,0,1,1,4
8711885801,1772381334,59,0,1,0.55,0.7,-0.15,3,1,0.578,0.554,0.8571,0.8824,0.5,1.0,0.8182,0.625,0.6364,0.5714,0.8462,0.5,0,1,1,1,0,0,2,0,0,2,4,0,4,3,0,2,2,0,1,0,1,0,5,1,0,0,0,0,1,2,2,0,0,4,1,4,2,2,2,0,1,0,1,0,1,5
8711970053,1772384823,59,1,0,0.5,0.75,-0.25,2,3,0.5475,0.477,1.0,0.7895,0.7222,0.6667,0.75,1.0,0.8333,0.5,0.8,0.3333,0,1,0,0,0,0,4,2,0,2,5,0,3,1,2,1,0,0,0,0,1,0,4,0,1,1,1,0,1,3,0,0,3,5,0,3,2,0,3,2,0,1,1,2,0,4
8712056091,1772388652,59,1,0,0.7,0.5,0.2,2,2,0.5867,0.5328,0.6,1.0,0.625,0.0,0.8889,0.8,0.8,0.7778,0.8333,0.8333,1,0,0,3,0,0,2,1,0,0,3,1,5,1,1,1,0,2,0,0,0,1,4,0,0,0,2,1,0,4,0,0,4,4,0,3,0,1,2,1,1,0,0,3,0,5
8719042091,1772870432,59,1,0,,0.45,,3,3,0.4742,0.5135,0.5,0.5,0.5,0.5,0.5,0.5,0.5,0.5,0.5,0.5,0,1,1,3,0,0,3,1,0,1,4,0,4,3,0,0,0,0,0,1,1,0,4,1,0,0,1,0,0,3,2,0,2,4,0,4,1,3,3,0,0,0,1,1,0,5
8719042141,1772870443,59,0,0,,0.45,,3,3,0.4901,0.5197,1.0,0.5,0.5,0.5,0.5,0.5,0.5,0.6,1.0,0.5556,0,1,0,3,0,0,4,0,2,3,4,0,4,2,0,2,0,0,0,2,0,2,5,0,0,1,1,0,2,3,0,0,3,5,0,1,1,0,1,1,1,1,0,2,0,4
8719103631,1772874493,59,1,0,0.4,1.0,-0.6,3,2,0.5597,0.5629,0.0,1.0,0.5,0.5,0.5,0.5,0.5,0.5,0.5,0.5,0,0,1,1,0,0,3,1,0,1,3,0,4,2,1,1,0,0,0,1,0,0,4,0,1,1,0,0,1,1,1,0,1,5,1,4,1,0,1,0,1,2,0,1,1,3
8719115659,1772875086,59,0,1,0.0,0.45,-0.45,3,3,0.4977,0.4916,0.0,0.5,0.5,0.5,0.3333,1.0,0.4,0.0,1.0,1.0,1,1,0,2,0,0,4,0,1,2,3,1,5,1,2,3,0,1,0,1,1,2,3,0,1,0,1,0,2,4,1,0,2,5,0,2,3,1,2,2,0,1,0,2,0,3
8719172949,1772878342,59,1,0,0.5,0.4,0.1,2,2,0.5404,0.4939,0.5,0.5,0.5,1.0,0.5,0.5,0.6667,0.6667,0.3333,0.5,0,3,0,0,0,0,3,1,0,1,4,0,3,4,1,2,1,0,1,1,0,0,4,0,0,1,4,0,0,3,1,0,2,5,0,5,0,1,2,0,1,0,1,0,0,4
8719206511,1772880352,59,1,0,0.5,0.25,0.25,3,2,0.5493,0.3531,0.5,0.7619,0.5,1.0,0.5,0.5,0.5,0.3333,0.5,0.6667,0,1,0,1,0,0,2,0,0,3,4,0,5,1,1,1,0,0,0,1,2,0,5,0,0,1,2,0,1,2,0,1,1,4,1,4,0,1,1,0,3,1,0,0,0,5
8719267986,1772883841,59,0,0,0.5,0.45,0.05,3,3,0.4944,0.5391,0.5833,0.5,0.5,0.4286,0.5,0.0,0.25,0.5,0.5,0.5,0,0,1,3,0,0,4,0,0,3,4,1,2,1,1,1,1,0,1,0,1,1,4,0,1,2,2,0,1,3,0,0,2,4,1,4,2,0,2,0,0,1,1,0,2,4
8719282248,1772884399,59,0,0,0.25,0.5,-0.25,2,2,0.3857,0.5933,0.0,1.0,0.3,0.5,0.5,0.5,0.5,0.7368,1.0,0.5,0,0,1,1,0,0,2,0,0,0,4,0,5,0,0,1,0,1,0,0,0,1,3,0,1,0,2,0,0,3,1,0,0,4,1,4,1,2,1,0,1,0,0,0,1,4
8719366143,1772888318,59,1,1,0.5,0.45,0.05,3,3,0.5026,0.5553,0.5,0.75,0.6667,1.0,0.5,0.0,0.0,1.0,1.0,1.0,1,1,0,1,0,0,3,0,0,1,4,1,4,3,2,1,2,0,1,1,0,1,3,0,0,2,2,1,0,4,0,0,3,5,2,3,2,1,2,1,0,0,0,2,1,5
8719372411,1772888606,59,0,1,,0.5,,3,3,0.526,0.483,0.5,0.5,0.5,0.5,0.5,0.6667,0.75,0.5,0.6667,1.0,1,0,0,1,0,1,3,2,0,3,5,0,3,2,2,2,0,1,0,1,2,0,4,0,0,0,2,0,1,3,1,0,1,5,0,3,1,1,1,1,1,0,0,1,0,4
8719471475,1772892604,59,0,0,0.0,0.5,-0.5,3,3,0.5466,0.6144,0.5,0.5,0.5,0.5,0.5,0.75,0.4,0.5,0.7,0.6667,1,0,0,1,0,0,2,0,0,2,4,0,3,3,1,0,0,0,0,2,0,0,4,0,0,1,2,0,0,3,0,0,1,4,1,4,2,0,1,1,0,0,0,1,1,4
8719473100,1772892612,59,0,0,0.55,0.4,0.15,3,3,0.5932,0.4445,0.5385,0.8,1.0,0.5,0.5833,1.0,0.5,0.5,0.0,0.0,0,0,1,1,0,0,4,1,0,4,4,2,3,1,1,1,0,0,1,0,1,1,4,0,0,1,2,0,1,3,0,0,1,4,1,4,1,0,0,0,1,0,0,1,1,3
8719587905,1772897060,59,0,1,0.4,,,3,3,0.4812,0.4783,0.6667,0.0,0.5,0.5,0.5,0.5,0.5,0.5,0.5,0.5,0,0,0,3,0,0,1,2,0,1,4,0,5,3,0,2,0,0,0,2,0,0,4,0,1,1,1,0,1,2,0,0,1,5,0,4,2,0,1,1,1,1,0,1,0,4
8719592821,1772897274,59,1,0,0.4,0.6,-0.2,3,3,0.497,0.5329,0.25,0.0,0.75,1.0,0.0,0.5,0.3333,0.8,0.5,0.5,0,0,0,1,1,1,4,2,0,3,5,0,3,1,2,0,0,0,0,0,2,1,3,1,1,1,1,0,0,4,0,0,4,4,1,2,3,1,2,1,0,0,2,1,0,4
8719688162,1772901372,59,0,1,0.45,0.55,-0.1,3,3,0.4938,0.4763,0.0,0.5,1.0,0.5,0.6,0.75,0.8889,0.5,0.5,1.0,0,1,0,2,0,0,2,1,0,2,5,0,5,2,0,2,0,1,0,1,1,0,5,0,1,0,3,0,0,1,2,0,1,5,0,4,2,0,2,1,0,1,1,0,0,5
8719697794,1772901460,59,1,1,1.0,0.35,0.65,3,3,0.5612,0.6108,0.5,0.5,1.0,1.0,0.5,0.5,0.6,0.5,0.5,1.0,1,0,1,2,0,0,3,2,0,2,4,0,4,1,1,2,0,3,0,1,0,0,4,0,1,1,2,1,1,4,0,0,1,5,1,3,1,1,1,0,1,1,0,1,1,3
8719782706,1772905208,59,0,0,0.4,0.55,-0.15,3,3,0.5298,0.5314,1.0,0.5,0.0,1.0,0.8571,0.5,0.25,1.0,0.6667,0.75,0,0,0,4,0,0,4,1,0,3,5,0,3,1,0,0,0,0,0,1,0,0,3,1,0,0,2,0,0,3,3,0,1,4,0,4,2,2,2,0,1,0,2,0,0,5
8719863795,1772908721,59,1,1,0.7,0.5,0.2,3,3,0.4989,0.47,0.75,1.0,0.5,1.0,0.5,0.5,1.0,0.5,0.0,0.5,0,0,2,1,0,2,2,1,0,1,4,1,4,1,1,1,0,1,1,0,0,1,5,0,1,0,2,0,0,3,1,0,1,4,1,4,2,1,1,1,0,1,0,1,1,4
8719940770,1772912295,59,0,0,0.7,0.4667,0.2333,3,3,0.5048,0.4958,0.6667,0.7692,0.6667,0.8571,0.5,0.5,1.0,0.0,0.6,0.4,0,0,0,2,0,0,2,1,0,2,3,0,4,1,1,2,1,1,0,0,1,0,5,0,1,1,3,0,0,4,0,0,4,5,2,2,3,0,1,1,0,1,1,1,1,4
8720015970,1772916235,59,0,1,0.65,0.5,0.15,1,3,0.5203,0.4561,0.5,1.0,0.6667,1.0,0.5,0.0,0.75,0.5,0.0,0.5,0,0,2,0,0,1,1,1,0,0,5,0,4,2,0,1,0,1,1,0,0,1,5,0,1,0,4,0,0,4,0,0,1,5,1,4,2,0,1,1,0,1,0,0,1,4
8720527708,1772956850,59,1,0,0.5,0.0,0.5,3,2,0.5808,0.4852,0.0,0.3333,0.5,1.0,0.5385,0.5,0.5,0.5,0.0,0.5,0,2,0,1,0,1,3,0,0,1,4,2,5,4,0,2,1,0,1,1,0,2,4,0,0,1,2,0,1,3,1,0,2,5,0,3,0,0,3,1,1,1,1,1,0,5
8720526736,1772956865,59,0,0,0.6667,0.55,0.1167,3,3,0.4956,0.5294,1.0,0.5,0.5,0.5,0.0,1.0,0.75,1.0,0.5,0.6667,0,0,0,3,0,0,1,1,1,1,4,1,5,1,0,0,0,1,0,2,0,1,3,1,0,0,2,0,0,2,2,0,1,5,0,4,1,1,1,0,0,0,1,1,0,4
8720605628,1772961360,59,1,0,0.0,0.5,-0.5,3,3,0.5012,0.5838,0.0,0.5,0.0,0.5,0.5,1.0,1.0,0.4286,0.375,0.5714,0,1,0,1,1,0,3,0,0,2,4,0,5,3,1,1,0,1,0,1,1,0,5,1,1,0,1,0,1,4,2,0,2,4,0,2,2,2,3,2,1,1,0,2,0,4
8720609244,1772961537,59,0,1,0.5,0.55,-0.05,3,3,0.5435,0.536,0.5,0.5,1.0,1.0,0.5,0.5,0.4,0.6667,0.75,1.0,0,1,1,2,1,0,3,0,0,1,3,0,4,2,1,0,0,1,0,0,0,1,4,1,1,0,3,0,0,1,1,0,1,5,0,4,3,1,1,0,0,0,3,0,0,5
8720685171,1772965840,59,0,0,0.55,1.0,-0.45,3,3,0.5616,0.4771,1.0,0.7727,0.8,1.0,1.0,1.0,0.5,0.5,0.5,0.5,0,1,0,1,0,0,2,0,0,3,3,0,5,2,1,1,0,0,0,1,2,0,5,0,0,1,2,0,1,4,0,0,2,5,0,4,3,0,0,0,0,0,0,3,0,3
8720719328,1772967388,59,0,0,0.25,0.45,-0.2,2,3,0.445,0.5599,0.5,0.0,0.5,1.0,0.5,0.5,0.25,0.75,0.3333,0.5,0,0,0,3,0,0,4,1,0,2,4,0,4,0,1,2,0,1,0,1,0,1,5,0,0,2,3,0,0,2,1,0,1,4,0,5,2,0,1,0,0,0,0,0,0,4
8720777640,1772970648,59,1,1,0.5,1.0,-0.5,3,3,0.5738,0.5041,1.0,0.5,0.6667,0.7143,0.7391,0.5,0.5,0.5,1.0,0.5,0,0,1,2,0,0,4,0,0,2,3,0,4,2,1,1,1,0,0,0,2,0,5,0,1,1,1,1,0,4,0,0,1,5,2,5,1,1,2,0,3,0,1,1,2,3
8720834598,1772973304,59,0,1,0.4,0.4,0.0,3,2,0.5201,0.5259,0.5,0.0,0.5,0.5,1.0,0.5,0.0,0.8,0.5,0.5455,0,0,1,1,0,0,3,0,0,2,3,1,5,2,0,0,0,0,0,0,2,1,5,0,0,0,2,0,1,3,1,0,0,5,1,4,2,1,0,0,1,0,0,0,1,5
8720864986,1772974511,59,0,1,0.55,0.75,-0.2,2,3,0.588,0.5447,1.0,0.5,0.75,0.8889,0.8333,0.5,0.5,0.5,0.5,0.0,0,1,1,2,0,1,1,1,0,0,4,0,3,2,1,1,1,0,2,0,0,0,5,0,0,0,2,1,0,4,0,0,2,5,0,5,1,0,2,0,1,0,0,1,1,4
8720945912,1772977681,59,0,0,0.4,0.45,-0.05,3,3,0.5036,0.5479,0.5,0.0,0.0,0.5,0.0,0.0,1.0,0.0,1.0,0.75,0,0,1,2,0,0,4,0,0,1,5,2,4,2,0,0,0,1,0,0,0,2,4,0,0,0,2,1,0,4,0,0,2,3,0,4,2,0,1,0,0,0,1,0,2,4
8720994008,1772979624,59,1,0,0.45,0.5294,-0.0794,3,2,0.4394,0.5274,0.4545,0.5,1.0,0.0,0.5,0.6667,0.5,0.25,0.6667,0.5,1,0,1,3,0,0,5,2,0,2,4,2,2,1,2,3,1,2,0,0,1,0,5,0,0,0,4,0,0,4,0,0,2,4,0,3,0,0,0,0,0,0,1,0,0,5
8721082163,1772983173,59,0,1,0.0,0.65,-0.65,3,3,0.5238,0.5091,0.5,0.5,0.5,0.5,0.0,1.0,1.0,0.6667,0.6667,0.7143,0,0,0,3,0,0,5,3,0,3,3,0,4,1,2,3,0,1,0,0,1,1,5,0,0,1,1,0,2,3,0,0,2,4,1,3,1,1,2,1,0,2,1,1,2,4
8721141561,1772985645,59,0,1,0.5,0.45,0.05,3,3,0.4542,0.4746,0.5,0.8,0.5,0.5,0.0,0.0,0.8333,0.6,0.5,0.75,0,1,0,4,1,0,4,0,0,1,4,1,4,2,1,1,0,1,0,0,0,1,4,1,0,0,3,0,0,2,1,0,2,5,1,3,2,1,2,0,0,0,3,0,1,4
8721178344,1772987042,59,0,1,0.0,0.7,-0.7,3,3,0.4936,0.4978,0.5,0.75,0.5,0.0,0.5,0.8,0.5,0.6923,0.7143,0.6667,0,2,0,3,0,0,4,0,0,4,5,0,3,2,1,3,1,0,1,2,1,0,5,0,0,0,1,0,1,4,1,0,3,5,0,4,1,1,2,0,0,0,1,3,0,4
8721243604,1772990227,59,0,0,0.55,0.4,0.15,2,1,0.474,0.5295,0.6,0.5,0.6,0.8333,1.0,0.5,0.0,0.5,0.5,1.0,0,0,0,2,0,0,2,1,0,1,4,0,4,0,1,0,0,1,0,0,1,0,5,0,0,1,0,1,1,4,0,0,3,5,0,3,0,1,1,1,0,1,0,2,1,5
8721283256,1772992076,59,0,0,0.3,0.25,0.05,3,2,0.5043,0.4867,1.0,1.0,0.5,0.5,0.0,0.5,0.5,0.3333,0.5,0.4,0,1,2,1,0,1,2,1,0,2,5,0,3,4,0,1,0,0,1,3,0,0,4,1,0,0,2,0,0,3,0,0,0,4,0,4,1,1,0,0,0,0,1,0,0,4
8721340466,1772994924,59,0,1,0.45,0.5,-0.05,3,3,0.5164,0.5121,0.6667,0.6667,1.0,0.6667,0.5,0.75,0.6,0.5,0.7143,0.5,0,1,1,1,0,1,3,0,0,2,5,0,3,1,0,2,1,2,1,1,1,0,5,0,1,1,3,0,0,3,1,0,1,5,1,3,2,1,1,1,0,1,0,0,0,5
8721358540,1772995592,59,0,0,0.25,0.3,-0.05,3,2,0.4421,0.5498,1.0,0.4545,0.5,0.5,0.5,1.0,0.5,0.5,0.5,0.8,0,1,0,2,0,0,2,0,0,1,5,0,5,1,0,3,1,0,1,1,0,1,4,0,2,0,0,0,1,4,0,0,2,4,2,4,3,1,3,1,1,0,1,1,2,4
8721428939,1772999096,59,0,1,0.25,0.3,-0.05,2,3,0.5665,0.4641,0.6667,0.4286,0.6667,0.4444,0.4615,0.5,0.0,0.5,0.5,0.3333,0,1,0,3,1,0,3,1,0,0,4,2,4,2,1,2,1,0,1,0,0,2,4,0,0,1,1,0,1,3,1,0,3,4,0,4,1,0,2,0,0,0,1,1,0,3
8721437198,1772999583,59,0,1,0.5,0.45,0.05,2,3,0.4686,0.5698,0.0,0.8,0.3333,0.7273,0.8,1.0,0.5,0.5,0.6667,0.5,0,0,0,3,0,0,3,0,0,1,4,0,5,0,1,0,0,2,0,0,0,0,5,0,2,0,1,0,0,4,1,0,1,5,1,3,2,1,1,0,1,0,1,0,1,3
8721924004,1773043207,59,1,1,0.45,0.5,-0.05,3,3,0.5878,0.5684,0.5,0.3333,0.75,1.0,0.0,0.4,0.5,0.25,0.6667,0.3333,1,0,0,2,0,0,3,2,0,1,5,1,4,2,1,2,0,1,0,1,0,1,3,0,0,1,1,0,1,3,1,0,2,5,1,3,1,1,1,0,0,0,0,2,0,4
8721929300,1773043348,59,1,1,0.55,0.7,-0.15,2,3,0.5871,0.5392,0.5,0.5,0.7143,0.75,0.75,1.0,0.0,1.0,0.0,1.0,2,0,0,0,0,0,4,0,0,3,4,0,3,2,3,1,1,0,0,1,3,0,4,0,1,0,4,0,0,4,0,0,1,4,2,4,2,1,1,0,1,0,0,0,2,3
8721978267,1773047426,59,0,1,0.55,0.65,-0.1,3,3,0.6206,0.4326,0.5,1.0,0.75,0.5556,0.76,0.4545,0.5,0.75,0.0,0.7333,1,1,0,1,0,0,3,1,0,2,5,0,4,2,2,1,0,0,0,1,1,0,4,0,0,1,1,0,0,2,0,0,1,3,0,4,3,1,1,1,0,1,0,1,1,3
8721978320,1773047439,59,0,1,0.5,0.5,0.0,3,3,0.5215,0.542,0.6,0.5,0.6667,1.0,0.5,1.0,0.5,0.5,0.5,0.2,0,0,0,3,1,0,3,2,0,2,4,0,5,3,0,3,0,2,0,0,1,0,4,0,1,0,2,3,0,4,0,0,1,5,1,4,2,0,3,2,0,1,0,1,2,5
8722020996,1773050365,59,1,1,0.55,0.65,-0.1,3,2,0.5314,0.5518,0.5,0.5,0.6667,0.8889,0.7308,0.5,0.5,0.8,0.5,0.75,1,0,0,2,0,1,4,0,0,2,5,2,4,2,2,1,0,0,0,2,1,2,4,0,0,1,3,1,0,2,0,0,0,3,1,5,3,1,0,0,0,1,0,0,2,3
8722041512,1773051705,59,1,1,0.5,0.5,0.0,3,3,0.4788,0.4995,1.0,0.5,0.8,0.8333,0.25,0.5,0.5,0.5,1.0,0.3333,0,1,1,1,0,0,4,0,0,2,4,0,5,3,1,1,1,1,0,1,1,0,4,0,1,0,1,1,0,3,0,0,1,5,0,4,1,0,2,2,2,1,0,1,1,5
8722088275,1773054220,59,0,1,0.4,0.4737,-0.0737,3,3,0.5136,0.5022,0.5,0.0,0.5,0.0,1.0,0.0,0.0,0.0,0.5714,0.5,0,0,1,4,0,1,3,1,0,1,5,1,4,2,0,0,0,1,1,1,1,1,4,0,0,0,1,0,0,4,1,0,3,4,0,3,1,2,0,0,0,0,1,1,0,5
8722121500,1773056682,59,0,0,0.45,0.3,0.15,2,2,0.4886,0.5349,0.8,0.0,0.5714,0.75,0.6667,1.0,0.3333,1.0,0.6667,0.5,0,0,0,2,0,0,3,1,0,2,4,0,3,0,1,1,1,0,0,0,2,0,5,0,0,1,0,0,1,2,1,0,1,5,1,5,1,0,1,0,1,0,0,0,1,5
8722174800,1773058881,59,1,0,0.3333,0.5,-0.1667,3,3,0.4761,0.5361,0.3333,1.0,0.5,0.5,0.5,0.5,0.8,0.5,0.625,0.5714,0,0,1,3,0,0,3,2,0,2,4,0,5,1,1,0,0,0,0,1,1,0,4,1,1,1,2,0,0,3,0,0,3,5,1,2,3,1,1,1,0,1,2,0,0,5
8722211166,1773060621,59,1,1,0.3,0.4,-0.1,1,3,0.5206,0.5135,1.0,0.5,0.5,0.75,0.6,1.0,0.3333,0.5,0.6,0.5,0,0,0,0,1,1,3,1,0,0,5,1,5,1,0,1,0,1,0,0,0,2,5,0,1,0,2,1,0,5,1,0,3,5,0,4,3,2,1,0,0,0,1,2,0,5
8722265503,1773062837,59,0,0,0.4286,0.5,-0.0714,3,3,0.5018,0.3937,0.5,1.0,0.5,0.5,1.0,0.5,0.5,1.0,0.3333,0.5,1,1,1,2,0,0,4,0,1,4,5,0,3,1,1,1,0,0,0,1,1,0,4,0,1,1,2,0,0,2,0,0,2,4,2,4,3,1,1,1,0,1,0,1,1,4
8722308255,1773064644,59,0,1,0.2,0.0,0.2,3,3,0.5069,0.4961,0.5,0.5,1.0,0.5,0.5,0.5,0.5,0.5,0.0,0.0,0,1,1,2,0,0,3,0,0,3,5,1,4,3,0,1,0,1,0,1,1,0,5,0,1,0,1,0,0,2,1,0,1,5,0,3,1,1,2,2,1,1,0,1,0,5
8722402149,1773068419,59,0,0,0.5,0.55,-0.05,2,3,0.5897,0.5858,0.5,0.5,0.5,1.0,0.5,0.5,0.5,1.0,1.0,0.8,0,0,2,3,0,0,2,0,0,2,5,0,4,0,0,0,0,0,0,1,1,0,4,1,0,0,2,0,0,2,1,0,1,5,0,4,1,1,1,0,2,0,1,0,0,5
8722413679,1773068864,59,1,1,0.2,0.1667,0.0333,3,3,0.4864,0.5016,0.5,0.25,0.5,0.5,0.5,0.5,0.5,0.5,0.5,1.0,0,1,0,2,0,1,2,1,0,3,4,0,4,3,0,2,1,0,1,1,1,0,3,0,0,1,2,2,0,4,0,0,1,5,0,5,1,1,0,0,0,0,0,1,1,5
8722516483,1773073315,59,1,0,0.35,0.2,0.15,2,0,0.5449,0.5009,0.5,0.0,0.0,0.5,0.0,0.5,0.4167,0.2727,0.5,0.4286,0,0,1,2,0,1,4,0,0,0,4,2,5,2,1,0,0,0,1,0,0,3,3,0,1,0,0,0,0,0,1,0,0,5,0,5,1,0,2,1,2,1,0,0,0,5
8722527581,1773073900,59,1,1,0.6,0.5,0.1,3,2,0.5168,0.5798,0.6,0.5714,0.5,0.6667,0.8333,1.0,0.5,0.4,0.0,0.3333,1,0,0,2,0,0,3,1,0,3,5,0,3,2,1,2,0,2,0,3,0,0,4,1,1,1,1,0,0,2,2,0,0,3,0,4,1,2,2,0,1,1,0,0,1,3
8722615864,1773077990,59,1,1,0.2,0.35,-0.15,2,2,0.5638,0.5214,1.0,1.0,0.5,0.625,0.4,0.5,0.3333,0.0,1.0,0.5,0,0,0,0,0,1,4,0,0,1,4,1,4,2,1,0,0,0,1,1,0,2,3,0,0,0,2,0,0,4,1,0,0,4,1,5,1,1,1,0,0,0,0,0,2,4
8722621723,1773078483,59,0,1,0.5,0.8,-0.3,2,3,0.5198,0.4633,0.5,0.25,0.5,0.5,1.0,1.0,0.5,0.5,0.6667,1.0,0,0,1,0,1,1,4,0,0,3,5,1,3,1,1,1,1,0,1,0,3,2,4,0,1,0,2,1,1,2,1,0,1,5,0,4,2,0,3,1,2,1,0,1,0,4
8722692770,1773081816,59,0,0,0.25,0.3,-0.05,3,3,0.4806,0.5195,0.5,0.5,0.5714,0.6667,0.0,0.5,0.25,0.3333,1.0,0.0,0,0,0,3,1,0,2,1,0,1,4,0,5,2,0,1,0,1,0,2,0,1,5,1,1,0,2,0,0,4,0,0,1,4,1,4,2,1,1,0,0,0,2,0,1,3
8722703843,1773082491,59,0,1,0.8333,0.5,0.3333,3,2,0.4896,0.5517,1.0,0.6667,1.0,0.5,1.0,0.5,0.2,0.8,0.4,0.5714,0,1,0,2,1,1,3,1,0,2,5,0,3,3,0,3,1,1,1,1,1,0,3,0,0,1,1,1,1,4,1,0,2,5,1,2,0,2,2,1,0,1,0,2,1,5
8722783850,1773086952,59,0,1,0.7143,0.55,0.1643,3,3,0.5712,0.3817,1.0,1.0,1.0,0.5,1.0,0.5,0.0,0.6667,0.5,0.5,0,0,1,2,0,0,5,1,0,3,5,0,4,1,0,2,1,1,0,0,3,0,5,0,1,0,1,0,0,3,0,0,1,4,0,4,2,0,2,0,1,0,1,0,2,4
8723196697,1773129658,59,1,1,0.45,0.3333,0.1167,3,3,0.5551,0.5441,0.5,0.0,0.5,0.5,0.5,1.0,0.6,0.5,0.5,0.5,0,0,2,3,0,0,2,0,0,3,4,0,4,2,0,2,1,0,0,1,1,0,4,0,2,0,1,0,0,3,2,0,2,5,0,4,2,1,2,0,1,0,1,0,0,4
8723196309,1773129669,59,1,1,0.5,0.35,0.15,3,3,0.5199,0.486,0.5,0.5714,0.6667,1.0,0.5714,0.3333,0.6667,0.0,0.6667,0.6667,1,0,2,1,0,2,4,1,1,2,4,1,2,1,1,1,0,0,1,0,0,2,4,0,1,1,1,0,0,2,1,0,2,4,1,4,2,1,2,0,0,1,1,0,1,4
8723242140,1773133749,59,1,0,0.5,0.2857,0.2143,2,3,0.4934,0.583,0.3333,0.0,0.0,0.5,0.5833,0.5,0.0,1.0,0.0,0.6667,0,0,0,3,0,1,2,1,0,0,5,0,5,1,0,1,0,1,0,0,0,0,4,1,1,0,1,0,0,2,1,0,1,3,0,5,3,1,1,1,0,1,0,1,0,3
8723248847,1773134406,59,1,1,0.35,0.55,-0.2,3,2,0.4503,0.4774,0.0,1.0,0.5,0.8,0.3333,0.5,1.0,0.75,1.0,0.5,0,0,0,2,1,0,2,1,0,1,5,0,5,1,0,1,0,2,0,0,1,1,5,1,0,0,3,0,0,3,1,0,2,4,1,3,0,1,2,1,1,0,0,1,1,5
8723283424,1773137425,59,0,1,0.375,0.4,-0.025,3,2,0.5287,0.5335,0.5,0.5,0.0,1.0,0.0,0.0,0.5,0.6667,0.6667,0.0,0,0,0,1,0,1,2,1,1,2,5,1,5,1,0,0,0,1,0,0,0,1,4,0,0,0,0,0,1,3,0,0,2,4,0,3,1,1,1,1,0,1,0,2,1,3
8723300566,1773138708,59,1,1,0.4,0.55,-0.15,3,2,0.5182,0.5222,0.0,0.5,0.5,0.6667,0.8333,1.0,0.0,0.5,0.0,0.6,1,0,0,2,0,0,4,1,0,3,4,0,3,2,1,2,1,1,0,1,1,0,4,0,0,0,2,2,0,2,1,0,0,4,0,5,1,0,2,0,2,0,0,0,1,5
8723337453,1773141317,59,1,0,0.3333,0.45,-0.1167,3,3,0.4565,0.5043,0.5,0.5,1.0,0.5,0.0,0.6667,0.5,1.0,0.7692,0.5714,1,0,0,1,0,0,2,3,0,1,5,0,4,1,1,3,0,2,0,0,0,0,5,0,0,0,2,0,0,3,0,0,2,4,0,3,1,0,1,1,0,0,0,1,0,5
8723375013,1773143787,59,0,0,0.5,0.6,-0.1,3,3,0.4489,0.4891,1.0,0.6,0.375,0.5,0.5,0.5,1.0,0.6667,0.7778,0.7895,0,2,0,1,0,0,4,1,0,1,3,1,4,2,3,2,1,1,0,1,0,1,3,0,1,0,1,0,0,2,0,0,3,4,0,4,1,0,3,2,0,1,1,2,0,5
8723405985,1773145493,59,1,1,0.4,0.45,-0.05,2,2,0.4553,0.5324,0.5,1.0,0.0,0.5,0.25,0.5,0.5,0.75,0.7143,0.5,0,0,0,1,0,0,3,2,0,0,3,0,5,1,2,2,1,2,0,0,0,0,4,0,0,0,1,0,0,3,0,0,2,4,0,4,0,1,1,1,0,1,0,1,1,4
8723443986,1773147450,59,0,0,0.65,0.5,0.15,2,3,0.5236,0.5018,0.6667,0.5,0.7143,0.7,0.5882,1.0,0.4286,0.6667,0.8571,0.8333,0,0,0,1,1,0,2,2,0,1,4,1,4,0,1,2,0,1,0,0,1,1,5,0,0,0,2,1,0,4,0,0,2,4,0,5,1,0,1,0,1,0,0,1,2,5
8723481092,1773149337,59,1,0,0.3,0.6,-0.3,2,3,0.4324,0.5592,0.5,0.0,0.0,0.5,0.5,0.75,0.6667,0.6,0.8,0.0,0,0,0,2,0,0,1,1,0,0,4,1,5,0,0,1,0,1,1,0,0,2,5,0,0,0,2,0,0,3,1,0,1,3,0,4,1,1,1,0,1,0,0,0,0,5
8723528740,1773151503,59,0,0,0.5,0.6,-0.1,3,3,0.5266,0.5379,0.5,0.6,0.3333,0.5,0.4,1.0,0.5,0.6667,0.8,0.5556,0,1,0,2,0,0,3,1,0,1,4,0,4,1,2,2,0,0,1,1,0,1,4,0,1,0,2,0,1,4,0,0,2,5,1,5,3,0,1,0,2,0,1,1,1,5
8723594304,1773154385,59,1,1,0.55,0.35,0.2,3,3,0.546,0.5229,0.8333,0.0,0.4286,0.75,0.75,0.3333,0.0,0.0,1.0,0.5,0,1,0,2,0,0,3,0,0,2,4,0,4,2,0,3,2,0,1,1,2,0,5,0,1,0,1,0,0,3,1,0,2,3,0,5,3,1,2,0,0,0,1,1,0,5
8723608534,1773155070,59,0,1,0.55,0.625,-0.075,3,3,0.6346,0.5532,0.5,1.0,1.0,0.5,0.5556,0.5,0.5,0.0,0.0,0.5,0,2,1,2,0,1,3,0,1,1,5,3,3,3,1,1,1,0,1,0,0,2,4,0,0,2,2,0,0,2,0,0,2,4,0,4,1,0,1,1,0,0,1,1,0,4
8723682107,1773158440,59,0,0,0.35,0.6,-0.25,3,3,0.4982,0.4868,0.3333,0.3333,0.0,0.6667,0.5,0.75,0.0,0.5,0.8333,0.7647,0,0,0,2,0,0,3,0,1,1,5,0,5,1,0,0,0,1,0,0,1,0,5,0,1,1,1,0,1,3,0,0,2,5,0,3,1,0,2,2,1,2,0,1,0,5
8723689693,1773158733,59,0,1,0.6667,0.5,0.1667,2,2,0.5343,0.5552,0.75,0.5,1.0,0.5,0.6667,0.6667,0.6667,0.5,0.5,1.0,0,1,1,0,0,1,3,1,0,1,5,0,4,2,0,2,1,0,1,0,1,0,4,0,2,0,0,0,0,4,0,0,3,5,0,3,2,1,2,1,0,0,1,2,0,4
8723788376,1773163558,59,1,1,0.6,0.5,0.1,3,3,0.5157,0.4423,0.5,0.5,0.5,0.5,0.5,0.5,0.75,0.5,0.5,0.6667,0,1,0,2,1,0,2,0,0,1,5,0,4,1,0,3,2,1,1,0,1,0,5,0,0,1,3,0,0,3,0,0,2,4,1,4,1,1,0,0,1,1,0,1,0,4
8724376776,1773216037,59,1,0,0.4545,0.5,-0.0455,3,2,0.5363,0.5351,1.0,0.0,1.0,0.6667,0.4,0.6667,0.3333,0.5,0.5,0.5333,0,1,0,1,1,0,4,2,0,1,5,0,3,1,1,1,0,2,0,0,0,1,4,0,1,2,1,0,0,1,1,0,0,4,0,5,2,0,2,1,0,1,0,0,0,5
8724410677,1773219030,59,1,1,0.45,0.5,-0.05,2,3,0.5073,0.5112,0.6667,0.0,0.4,0.3333,0.5385,1.0,0.5,0.5,0.5,0.5,0,0,2,1,0,1,3,0,0,2,5,0,3,0,1,1,1,0,1,0,2,0,5,0,1,0,2,1,0,4,1,0,1,3,1,5,2,1,2,0,2,0,0,0,2,4
8724456836,1773223111,59,1,0,0.4615,0.45,0.0115,3,3,0.5354,0.5321,0.0,0.0,0.5,0.0,0.5,0.5,0.5,0.5,1.0,0.5,0,0,1,1,0,1,2,1,0,1,4,0,4,1,1,1,0,0,1,0,1,0,5,0,1,1,2,0,0,4,0,0,1,5,3,4,1,1,1,0,1,0,0,0,2,3
8724530876,1773228509,59,1,0,0.5,0.45,0.05,3,3,0.4687,0.4606,0.3333,0.25,0.0,1.0,0.6154,0.0,0.5,0.75,0.5556,0.0,0,0,0,3,0,1,4,0,0,4,4,0,3,1,0,2,0,1,0,1,1,1,4,0,1,0,3,1,0,4,1,0,2,4,0,3,2,1,1,0,0,0,2,0,0,5
8724596548,1773232189,59,1,1,0.5,0.45,0.05,3,3,0.54,0.5482,0.4286,1.0,0.6667,0.4,0.2857,1.0,0.3333,0.3333,0.4,0.5,0,1,0,1,1,1,4,0,0,2,5,0,4,3,0,1,1,0,1,0,2,1,4,0,0,0,1,0,1,3,1,0,2,4,1,4,1,1,0,0,1,0,0,0,1,3
8724677097,1773236182,59,0,1,0.6,0.55,0.05,3,3,0.5449,0.4969,0.8,0.5,0.7143,0.8571,0.75,1.0,0.5,0.6,0.5,0.5,0,1,1,1,0,1,3,1,0,1,5,0,3,1,1,1,0,1,1,0,1,0,4,1,1,1,2,0,0,4,1,0,2,3,2,5,2,2,3,0,2,0,0,1,3,3
8724788453,1773240929,59,0,1,0.55,0.55,0.0,2,3,0.472,0.5738,0.3333,0.6667,1.0,0.6667,1.0,0.8571,0.0,0.5556,0.75,0.7778,0,1,0,2,1,0,3,0,0,1,4,2,5,0,1,2,0,1,0,0,0,4,4,0,1,0,2,1,0,3,0,0,1,5,1,4,1,0,3,2,0,1,0,2,1,5
8724909631,1773246189,59,1,1,0.6,0.55,0.05,3,3,0.5178,0.4913,0.6667,1.0,0.5455,1.0,1.0,0.5,0.0,1.0,0.6,1.0,0,0,0,3,0,1,3,0,0,1,5,1,5,2,0,0,0,2,0,0,1,1,4,0,0,0,1,0,0,3,2,1,1,3,0,4,1,1,3,1,0,0,0,1,1,5
8725587289,1773302513,59,1,1,0.55,0.6364,-0.0864,3,3,0.5183,0.5002,0.6667,1.0,0.5,0.5,1.0,0.5,1.0,0.5,0.6667,0.5,0,1,0,3,0,0,3,1,0,1,4,1,5,3,1,1,0,1,0,1,1,1,4,0,0,1,1,0,0,4,0,0,2,3,0,4,1,0,1,1,0,0,1,1,0,4
8725631999,1773306392,59,1,0,0.55,0.5833,-0.0333,3,3,0.6023,0.5455,0.5,0.5,0.3333,0.6667,0.5,0.0,0.5,0.5,0.5,1.0,0,0,1,2,0,1,3,1,1,2,4,0,2,1,0,1,1,0,1,2,1,0,5,1,0,0,1,0,0,2,1,0,2,4,0,3,3,1,0,0,0,0,2,0,0,3
8725691886,1773311072,59,0,0,0.5,0.55,-0.05,3,2,0.5145,0.5255,0.5,0.0,1.0,0.5,0.6667,0.5,0.5,0.5,0.75,1.0,0,0,0,2,1,0,5,1,0,2,4,0,3,2,2,1,1,0,0,0,2,0,5,0,0,0,2,0,0,2,2,0,0,4,1,4,1,1,2,0,0,0,0,0,2,4
8725754719,1773315508,59,0,0,0.4667,0.6,-0.1333,3,3,0.5063,0.5563,0.5,0.5,0.75,0.5,1.0,0.6667,0.5,0.75,0.6667,0.6667,0,1,0,1,0,0,3,1,0,1,4,0,4,1,1,2,1,1,1,0,0,1,5,0,1,0,2,1,0,3,1,0,1,4,1,5,2,0,2,0,0,0,1,0,2,4
8725859222,1773320996,59,0,1,0.6,0.45,0.15,3,2,0.4774,0.5484,0.5,1.0,0.5,0.6364,0.8,1.0,1.0,1.0,1.0,0.8571,0,0,0,3,1,0,3,1,0,3,4,0,5,1,0,3,0,1,0,1,2,0,5,0,1,0,0,1,1,4,0,0,1,4,2,4,2,1,2,1,1,0,0,1,3,4
8725948543,1773324883,59,1,0,0.6,0.5,0.1,3,2,0.4579,0.5229,0.5,0.6667,0.6818,0.8333,0.3333,0.5,1.0,1.0,0.8333,0.6,0,1,0,3,0,0,5,1,0,3,3,0,4,3,2,1,0,1,0,1,1,1,5,0,0,1,0,1,1,2,0,0,1,4,0,3,2,0,0,0,1,1,1,0,1,4
8726072029,1773330158,59,0,1,0.6,0.5,0.1,3,3,0.6077,0.5366,1.0,1.0,1.0,0.8,0.8,0.5,1.0,1.0,1.0,0.5,0,1,0,1,0,1,3,0,0,1,5,1,5,2,0,1,1,0,1,0,1,1,5,0,2,0,3,1,0,5,0,0,2,5,2,4,2,1,3,0,1,0,0,1,2,4
8726165528,1773334491,59,1,1,0.65,0.6,0.05,2,1,0.6084,0.5224,0.4615,0.5,0.75,0.8,0.6154,0.0,0.8333,1.0,0.0,1.0,0,1,1,0,0,0,3,2,0,1,4,1,5,1,2,3,0,1,0,0,0,1,4,0,0,0,0,0,0,4,1,0,1,5,1,3,0,1,1,1,0,0,0,1,1,5
8726240884,1773338116,59,0,0,0.65,0.6,0.05,3,2,0.5387,0.4624,0.875,0.5,0.6,0.5,0.7895,0.6667,0.5,1.0,0.8,0.5,0,1,0,1,0,1,3,0,0,1,4,0,4,3,0,2,2,0,1,0,2,0,4,0,0,0,1,0,0,1,2,0,0,5,0,5,2,0,1,0,1,0,1,0,1,5
8726310679,1773341841,59,0,1,0.6,0.6,0.0,2,3,0.5344,0.613,0.8,0.5,0.8,0.7778,0.6429,1.0,0.7143,0.5,1.0,0.8571,0,0,2,2,0,0,2,1,0,2,4,0,5,0,1,2,0,0,0,1,0,0,4,1,0,0,2,0,0,5,2,0,4,5,0,4,1,2,1,0,1,0,0,2,0,4
8726823865,1773388824,59,0,0,0.4375,0.5385,-0.101,2,2,0.4753,0.5296,0.5,0.0,0.6,0.5,0.5,0.6,1.0,0.5,0.5,0.0,0,0,1,1,0,1,2,1,0,1,4,0,3,0,1,0,0,1,1,0,0,0,5,0,1,0,0,0,1,4,0,0,2,5,1,3,1,1,2,1,1,0,0,2,1,3
8726866965,1773392421,59,1,0,0.4118,0.5714,-0.1596,2,3,0.5672,0.5371,0.0,0.5,0.5,0.75,0.4286,1.0,0.5,0.5,0.6,0.6,0,2,0,0,0,1,4,1,0,1,5,1,3,3,1,1,0,1,0,1,0,1,4,0,1,1,2,0,1,2,0,0,2,4,0,3,2,0,3,2,0,2,1,1,0,5
8726925455,1773396923,59,0,0,0.4444,0.5333,-0.0889,3,3,0.5141,0.5495,1.0,1.0,0.5,0.5,0.5,0.5,0.5,0.5,0.5,0.5,0,0,0,1,0,0,2,2,0,2,4,0,5,1,1,2,0,2,0,0,1,0,5,0,0,1,3,0,1,3,0,0,2,4,0,3,2,0,1,1,1,1,0,2,0,5
8727000120,1773401866,59,0,0,0.55,0.55,0.0,3,3,0.5671,0.4955,0.7778,0.5,0.5455,0.8,0.75,0.5,0.6667,0.6667,0.8571,0.5789,0,1,0,2,1,0,4,0,0,1,4,1,4,2,0,3,2,0,1,0,2,2,5,0,0,0,3,0,0,3,1,0,3,4,0,5,2,0,2,0,2,0,1,1,0,5
8727085868,1773406209,59,0,0,0.55,0.5,0.05,2,2,0.5266,0.4998,1.0,0.5,0.7,0.5833,0.7407,0.5,0.5,0.8,0.5,0.7143,0,0,0,2,0,0,4,2,0,2,5,0,5,0,1,2,0,2,0,0,1,0,5,0,1,2,0,0,0,3,0,0,2,5,1,4,1,1,2,1,1,0,0,1,1,4
8727184011,1773410448,59,0,0,0.5,0.55,-0.05,3,1,0.484,0.5333,0.4,0.5,0.6364,0.8,0.7143,0.6667,0.5,0.8333,0.6667,0.6,0,0,0,1,0,0,4,0,0,3,4,0,4,1,1,1,1,1,0,0,3,1,5,0,2,1,0,0,0,4,1,0,0,4,1,5,1,2,3,0,1,0,0,0,1,4
8727291568,1773414699,59,1,1,0.6,0.65,-0.05,3,2,0.5743,0.5224,0.5,0.6667,1.0,1.0,1.0,0.0,0.6,1.0,0.5,0.75,1,1,1,2,0,0,3,0,0,3,4,0,4,2,1,2,0,0,0,1,0,1,4,0,0,0,2,1,1,4,0,0,0,4,2,5,1,0,0,0,1,0,0,0,3,4
8727388391,1773418636,59,0,0,0.65,0.6,0.05,2,3,0.5022,0.565,0.5,0.0,0.3333,0.5,0.6429,0.6,0.6667,0.8333,0.5,0.3333,0,0,0,2,0,0,2,2,0,0,4,0,5,0,1,2,0,1,0,0,0,0,5,0,1,2,1,1,1,3,0,0,1,5,1,3,1,0,3,2,0,2,0,1,1,5
8727470530,1773422066,59,1,0,0.6,0.65,-0.05,3,2,0.6031,0.4842,0.5,0.4,0.8333,1.0,0.5,0.5,0.5,0.8,0.75,0.5,1,1,0,2,0,0,5,1,0,3,4,0,3,1,2,2,0,0,0,1,1,1,3,0,1,1,0,0,0,2,1,0,2,5,0,5,1,0,2,0,1,0,1,0,0,5
8727561000,1773426407,59,1,1,0.5,0.6,-0.1,3,3,0.5228,0.5076,0.25,1.0,1.0,0.0,0.875,0.7778,0.75,0.5714,0.7,1.0,0,0,2,2,1,0,4,0,0,3,5,2,3,1,1,2,1,0,0,0,2,1,5,0,1,0,1,0,0,3,1,0,2,5,0,3,2,1,1,1,0,1,1,0,0,4
8727651209,1773430581,59,1,0,0.55,0.6,-0.05,3,3,0.4953,0.5058,0.5,0.5,1.0,0.7143,0.5,0.7,0.8,0.5714,1.0,0.5,0,1,0,2,0,0,4,0,0,3,4,0,3,3,0,1,0,1,0,2,0,1,4,0,1,0,2,0,0,3,0,0,2,5,0,5,2,0,2,1,1,1,1,2,0,5
8728226716,1773475374,59,0,1,0.55,0.65,-0.1,2,3,0.4984,0.5315,0.7143,0.6667,0.6667,0.75,0.7273,1.0,1.0,0.5,0.8,0.5,0,0,1,1,0,1,4,0,0,3,5,0,3,0,1,1,1,1,1,0,2,0,5,0,0,2,2,0,0,2,0,0,1,5,2,4,2,0,0,0,0,0,1,0,2,3
8728298716,1773479524,59,1,1,0.7,0.5,0.2,3,1,0.5238,0.5315,0.3333,0.5,0.5,0.0,1.0,1.0,1.0,0.5833,1.0,0.625,0,1,0,2,0,0,5,0,0,2,4,3,3,1,1,2,0,1,0,0,1,3,3,0,1,2,0,0,1,2,1,0,0,4,0,4,1,1,2,0,1,1,0,0,0,5
8728374991,1773484007,59,0,1,0.5625,0.55,0.0125,3,3,0.4972,0.5231,0.5,0.6,1.0,0.0,0.5,0.5,0.6667,0.5,0.6667,1.0,0,1,1,2,1,0,3,0,0,1,4,0,4,3,0,2,1,1,1,1,0,1,4,0,0,1,3,0,0,1,1,0,1,4,0,5,1,0,1,0,1,0,0,1,0,4
8728480115,1773489395,59,1,1,0.55,0.5294,0.0206,3,3,0.5436,0.552,0.5,1.0,0.5,0.75,0.0,0.6667,1.0,0.6667,0.75,1.0,0,1,0,1,0,0,4,0,0,2,5,3,5,1,1,1,0,1,0,0,1,3,2,0,0,3,1,0,2,1,0,0,2,5,0,3,1,0,0,0,1,1,0,1,0,3
8728655795,1773496691,59,0,0,0.65,0.55,0.1,3,2,0.5026,0.514,0.75,0.5,0.75,0.5714,0.7778,1.0,0.5,0.5,0.4,0.5714,0,0,0,2,1,1,4,0,0,2,4,0,4,4,0,0,0,0,0,1,1,1,3,0,1,0,0,0,1,2,1,1,1,5,1,5,2,0,2,1,0,1,0,0,1,5
8728797116,1773502082,59,0,1,0.6,0.6,0.0,3,3,0.5095,0.5216,0.75,0.75,0.3333,0.6667,0.5,0.5,0.5,1.0,0.0,0.6,0,0,0,3,0,0,1,2,0,2,4,0,5,2,0,0,0,0,0,1,0,0,4,0,0,0,4,1,0,5,1,0,4,5,0,3,2,0,2,0,2,0,1,1,0,4
8728917217,1773506722,59,1,1,0.6,0.7,-0.1,2,3,0.4689,0.5567,0.6364,0.6667,1.0,1.0,0.5,1.0,0.4286,0.5,0.5,0.5,0,1,1,0,0,0,2,2,0,1,5,0,4,1,1,2,1,0,1,0,0,0,5,0,1,0,1,1,0,4,1,0,1,5,0,4,1,0,1,0,2,0,0,1,1,4
8729016192,1773510882,59,1,1,0.65,0.6,0.05,3,2,0.5416,0.5325,0.0,0.7143,1.0,0.5,0.0,0.7143,0.7,1.0,0.8333,1.0,1,1,1,2,0,0,2,0,0,2,5,1,3,3,1,1,1,0,1,1,0,0,5,0,0,0,3,1,0,2,2,0,0,4,1,4,2,1,1,0,1,0,1,0,1,5
8729115809,1773515195,59,1,1,0.55,0.65,-0.1,2,3,0.6227,0.5032,1.0,0.7143,0.5556,0.75,0.875,0.25,0.3333,0.8571,0.5,0.625,1,0,0,1,0,0,4,2,0,3,5,0,5,0,1,2,0,1,0,0,2,0,4,0,0,2,2,1,0,4,1,0,2,5,2,3,1,2,1,0,0,0,0,1,1,5
8729846134,1773565293,59,0,1,0.6,0.6,0.0,3,3,0.544,0.5181,0.6,0.6667,0.5,1.0,0.6,0.6667,0.5,1.0,1.0,0.5,0,0,0,4,1,0,3,0,0,2,3,1,4,1,0,2,0,1,0,0,0,2,5,0,1,0,1,0,1,1,2,1,1,5,1,5,2,0,2,1,0,1,0,0,1,4
8729970931,1773571595,59,1,0,0.6,0.65,-0.05,3,3,0.5145,0.5177,0.5,0.5,0.6,0.25,0.375,0.625,0.9,0.5,0.8,0.6,0,1,1,3,2,0,4,1,0,2,5,2,4,2,0,3,1,1,1,0,0,2,5,1,0,0,2,0,0,3,2,0,1,4,0,4,1,1,2,0,2,0,0,0,1,5
8730121026,1773578247,59,0,1,0.6,0.65,-0.05,3,3,0.65,0.4794,0.6,1.0,0.5,0.8333,1.0,0.6923,0.6,0.6,0.6364,0.4,1,0,0,1,0,1,4,0,0,2,3,1,5,2,1,1,0,0,0,0,1,2,4,0,1,1,1,0,0,3,0,1,3,5,1,3,3,0,1,1,0,1,1,0,0,4
8730359353,1773586958,59,1,1,0.65,0.7,-0.05,2,3,0.5733,0.5421,0.3333,1.0,1.0,0.5,0.8889,1.0,0.8182,0.0,0.6667,0.5,1,1,1,0,0,1,2,0,0,1,5,0,2,2,1,2,2,0,2,1,1,0,5,1,0,0,4,0,0,3,3,0,1,4,1,4,1,1,2,0,1,0,1,0,1,4
8730464256,1773591029,59,1,0,0.7,0.7,0.0,2,3,0.482,0.543,0.6,0.5,1.0,0.75,0.625,0.5,1.0,0.8571,0.6667,0.8571,0,0,0,0,0,1,3,1,0,2,5,0,4,2,1,1,0,1,0,0,2,1,4,0,0,0,2,0,0,3,0,0,2,3,0,4,2,0,1,0,0,0,1,0,1,4
8730561637,1773595111,59,0,1,0.75,0.65,0.1,3,3,0.546,0.5078,0.5,1.0,1.0,0.7778,0.6667,0.7143,0.5,0.5,0.5,0.8889,0,0,0,2,1,0,2,1,0,1,4,1,5,1,1,2,0,1,0,0,1,1,5,0,1,1,2,0,1,2,1,0,2,3,0,4,2,0,3,1,1,2,0,0,1,5
8730713168,1773602369,59,0,0,0.7,0.65,0.05,3,3,0.5465,0.4998,0.0,0.6,1.0,0.5,0.0,0.5,0.6667,1.0,0.5714,0.9,1,1,0,3,0,0,3,0,0,3,5,1,4,1,1,1,0,0,0,1,1,1,4,1,0,0,3,0,1,3,3,1,1,4,0,5,1,1,3,0,2,0,0,0,0,4
8730786393,1773606284,59,1,1,0.7,0.65,0.05,3,3,0.5167,0.527,1.0,0.75,0.0,0.7,0.6667,0.7333,0.75,0.5,0.625,0.75,0,0,0,3,1,0,3,0,0,1,4,1,5,2,0,1,0,1,0,0,1,2,5,0,1,0,2,0,0,2,1,0,1,4,0,5,2,0,3,1,0,1,1,1,0,5
