match_id,start_time,patch_version,radiant_win,radiant_recent_winrate,dire_recent_winrate,r1_hero_winrate,r2_hero_winrate,r3_hero_winrate,r4_hero_winrate,r5_hero_winrate,d1_hero_winrate,d2_hero_winrate,d3_hero_winrate,d4_hero_winrate,d5_hero_winrate
8608974467,1765968902,59,1,,,0.5,0.5,0.5,0.5,0.5,0.5,0.5,0.5,0.5,0.5
8609085945,1765974265,59,1,1.0,0.0,0.5,0.5,0.5,0.5,0.5,0.0,0.5,0.5,0.5,0.5
8609256354,1765981499,59,1,,,0.5,0.5,0.5,0.5,0.5,0.5,0.5,0.5,0.5,0.5
8609420125,1765987556,59,0,0.0,1.0,0.5,0.5,0.5,0.5,0.5,0.5,0.5,0.5,0.5,0.5
8609577898,1765994135,59,0,,,0.5,0.5,0.5,0.5,0.5,0.5,0.5,0.5,0.5,0.5
8609658039,1765998237,59,0,0.0,1.0,0.0,0.5,0.5,0.5,0.0,0.5,1.0,1.0,0.5,0.5
8610327187,1766055297,59,1,,,0.5,0.5,0.5,0.5,0.5,0.5,0.5,0.5,0.5,0.5
8610407872,1766059255,59,1,0.0,1.0,0.5,0.5,0.5,0.5,0.5,0.5,0.5,0.5,0.5,0.5
8610508424,1766063814,59,1,0.5,0.5,0.5,1.0,0.5,0.5,0.5,0.0,0.5,0.5,1.0,0.5
8610608932,1766068139,59,1,1.0,1.0,0.5,0.5,0.5,0.5,0.5,1.0,0.5,0.5,1.0,1.0
8610733410,1766072333,59,0,0.6667,1.0,0.5,0.5,0.5,0.5,0.5,1.0,0.5,1.0,0.5,0.5
8610908761,1766080493,59,0,0.6667,1.0,0.5,0.0,0.5,0.5,0.5,1.0,1.0,0.5,1.0,1.0
8610997048,1766084215,59,1,0.5,1.0,0.5,0.5,1.0,0.5,0.5,0.5,1.0,1.0,1.0,0.5
8611101416,1766089195,59,1,0.6,0.75,0.5,1.0,0.5,0.5,1.0,1.0,0.75,0.5,0.5,1.0
8611704029,1766141701,59,1,0.0,0.0,0.5,0.0,0.5,0.5,0.0,0.5,0.5,0.5,0.0,0.5
8611813882,1766147170,59,1,0.3333,0.0,1.0,0.0,1.0,0.0,0.5,0.5,0.0,0.5,0.5,0.5
8611968266,1766154300,59,0,0.3333,0.0,1.0,0.5,0.5,0.5,1.0,0.5,0.5,0.5,0.5,0.5
8612073954,1766158142,59,1,0.3333,0.25,1.0,0.5,0.0,0.5,0.5,0.5,0.5,0.5,0.5,0.5
8612296716,1766166969,59,1,0.5,0.6,0.5,0.5,0.5,0.5,0.5,0.5,0.5,0.5,0.5,0.5
8612387534,1766170800,59,1,0.6,0.5,0.5,0.5,0.5,0.0,0.5,0.0,0.5,1.0,0.5,0.5
8613199952,1766228169,59,1,0.5,0.5,0.5,0.5,0.5,0.5,1.0,0.5,0.5,0.5,0.5,0.5
8613296700,1766231942,59,1,0.4,0.6,0.0,0.5,0.5,0.0,0.5,1.0,0.5,0.0,1.0,1.0
8613407484,1766236500,59,1,0.5,0.5,0.5,0.5,0.5,0.5,0.5,0.5,0.0,0.5,0.5,0.5
8613524044,1766241062,59,0,1.0,0.6667,0.5,0.5,1.0,0.5,1.0,1.0,0.5,0.0,0.5,1.0
8613669497,1766245501,59,0,0.8,0.7143,0.5,1.0,1.0,1.0,0.5,0.5,0.5,0.0,0.5,1.0
8613871238,1766253306,59,0,0.6667,0.5714,1.0,0.5,1.0,0.5,0.6667,0.5,0.0,1.0,0.0,0.0
8613974929,1766257981,59,1,0.625,0.5714,0.5,1.0,0.5,0.5,0.5,0.6667,0.5,0.5,1.0,0.5
8614840952,1766314605,59,1,0.6667,0.6667,0.5,1.0,1.0,0.5,0.5,0.5,0.5,1.0,1.0,0.5
8614983405,1766320501,59,0,0.6,0.7143,0.6667,0.5,0.5,0.5,0.5,0.5,0.5,1.0,1.0,0.5
8615212174,1766328901,59,1,0.75,0.75,0.5,1.0,1.0,0.5,0.5,1.0,0.0,1.0,0.0,1.0
8615341751,1766333161,59,1,0.6667,0.7778,0.5,1.0,1.0,0.5,1.0,1.0,1.0,0.5,0.5,0.5
8615442050,1766337481,59,0,0.7,0.7,1.0,0.5,0.5,1.0,1.0,0.5,0.5,1.0,1.0,0.5
8615531269,1766341021,59,1,0.7273,0.6364,1.0,1.0,0.5,1.0,1.0,0.5,0.5,0.5,0.5,1.0
8677196852,1770206279,59,1,,,0.5,0.5,0.5,0.5,0.5,0.5,0.5,0.5,0.5,0.5
8677201827,1770206373,59,0,,0.2,0.5,0.5,0.5,0.5,0.5,0.5,0.5,0.5,0.5,0.0
8677261775,1770209279,59,0,0.0,0.3333,0.5,0.5,0.5,0.5,0.5,0.5,0.5,0.5,0.0,0.5
8677288942,1770210517,59,0,0.0,1.0,0.5,0.5,0.5,0.5,0.5,0.5,0.5,1.0,0.5,0.5
8677484389,1770218890,59,0,,,0.5,0.5,0.5,0.5,0.5,0.5,0.5,0.5,0.5,0.5
8677494117,1770219128,59,0,,,0.5,0.5,0.5,0.5,0.5,0.5,0.5,0.5,0.5,0.5
8677564756,1770222258,59,0,0.0,1.0,0.5,0.5,0.5,0.5,0.5,0.5,0.5,0.5,0.5,1.0
8677600320,1770223897,59,1,0.0,1.0,0.5,0.5,0.5,0.5,0.5,0.5,0.5,0.5,0.5,0.5
8677674341,1770227535,59,0,0.5,0.5,0.5,1.0,0.5,0.5,0.5,0.5,1.0,0.0,0.5,0.5
8678450147,1770292686,59,1,0.4286,0.0,0.5,0.5,1.0,0.5,0.5,0.5,0.5,0.5,0.5,0.5
8678463732,1770292820,59,1,1.0,1.0,1.0,0.5,1.0,0.5,0.5,1.0,1.0,0.5,0.5,0.5
8678468666,1770293033,59,0,0.0,0.3333,0.5,0.0,0.5,0.5,0.5,0.5,0.5,0.5,0.0,0.5
8678554261,1770297064,59,1,0.0,0.5,0.0,0.0,0.0,0.5,0.0,0.5,1.0,1.0,0.5,0.6667
8678554665,1770297081,59,0,1.0,0.6667,0.5,0.5,0.5,1.0,0.5,0.5,1.0,1.0,1.0,0.5
8678559674,1770297305,59,1,0.5,0.0,0.5,1.0,0.5,0.5,0.5,0.5,0.0,0.5,0.5,0.0
8678617868,1770300271,59,1,0.25,0.4444,0.0,0.5,0.5,1.0,0.5,1.0,0.5,0.6667,0.5,0.5
8678657524,1770301529,59,0,0.75,0.75,1.0,0.5,0.5,0.5,0.0,1.0,0.5,0.0,1.0,1.0
8678742616,1770305327,59,1,0.4,0.0,0.0,0.0,0.5,0.5,0.5,0.5,0.5,0.5,0.5,0.5
8678753328,1770305467,59,1,0.4,0.6667,0.5,0.5,1.0,0.5,0.5,0.5,1.0,0.5,0.5,0.5
8678756038,1770305755,59,1,0.6,0.0,0.5,0.5,0.0,1.0,0.5,0.0,0.5,0.5,0.5,0.5
8678838585,1770309127,59,0,0.0,0.6667,0.5,0.5,0.5,0.5,0.5,0.5,0.5,0.5,0.5,0.5
8678838775,1770309135,59,0,0.0,0.5,0.5,0.5,0.0,0.5,0.5,0.5,0.5,0.5,0.5,0.5
8678847401,1770309530,59,1,0.4545,0.5,0.5,0.5,1.0,1.0,0.5,0.0,0.5,0.5,1.0,0.5
8679016608,1770317739,59,1,0.0,0.4,0.0,0.5,0.5,0.0,0.5,0.5,0.5,1.0,1.0,0.5
8679012782,1770317791,59,1,0.8,0.6,0.5,0.5,0.5,0.0,0.5,0.5,0.5,0.5,0.5,0.5
8679089063,1770321607,59,1,0.2,0.3333,0.5,0.5,0.5,0.5,0.0,0.5,0.5,0.0,0.0,0.5
8679089335,1770321623,59,0,0.8333,0.5,0.5,1.0,0.5,0.5,1.0,0.5,0.0,0.5,0.0,0.5
8679151043,1770326039,59,1,0.7143,0.5714,0.5,0.5,1.0,0.5,0.5,0.5,0.5,0.5,1.0,1.0
8679764627,1770379126,59,1,0.5,0.3333,1.0,1.0,0.5,0.5,0.0,0.5,1.0,0.5,1.0,0.5
8679760741,1770379220,59,0,0.5714,0.75,0.5,0.5,0.0,1.0,0.0,0.0,0.5,0.0,1.0,0.5
8679771304,1770379484,59,0,0.0,0.2857,0.5,0.5,0.5,0.5,0.5,1.0,0.5,1.0,0.5,0.0
8679832219,1770382223,59,0,0.2857,0.5556,0.6667,0.5,0.0,0.5,0.5,0.0,0.5,1.0,0.5,0.5
8679857477,1770383310,59,1,0.7778,0.5,0.5,0.6667,0.5,0.5,1.0,0.5,0.0,0.5,0.6667,0.5
8679864114,1770383581,59,0,0.0,0.375,0.0,0.5,0.0,0.5,0.5,0.0,0.5,0.0,0.5,0.5
8680064909,1770391649,59,0,0.7143,0.6,0.0,0.5,1.0,0.5,1.0,1.0,0.5,1.0,0.5,0.6667
8680069429,1770391769,59,0,0.8,0.4444,1.0,0.75,1.0,0.5,0.0,0.5,0.6667,0.5,0.5,1.0
8680071751,1770391818,59,1,0.5,0.25,1.0,0.5,0.5,1.0,0.0,0.5,0.0,0.5,0.5,0.0
8680183524,1770396097,59,0,0.625,0.6364,0.5,1.0,0.0,0.5,0.5,0.5,0.5,1.0,0.6667,0.5
8680186040,1770396200,59,1,0.2222,0.5385,0.0,0.5,1.0,0.5,0.5,1.0,0.5,1.0,1.0,0.6
8680186885,1770396236,59,1,0.7273,0.5,1.0,0.5,0.5,1.0,1.0,0.5,0.5,0.5,0.5,1.0
8680265600,1770399899,59,1,0.75,0.4545,0.5,0.6,0.5,1.0,1.0,1.0,0.5,0.6667,1.0,0.5
8680281936,1770400303,59,1,0.3,0.5,0.5,0.0,0.5,0.5,1.0,0.5,1.0,0.0,0.5,0.5
8680365982,1770404510,59,0,0.4667,0.5556,1.0,1.0,0.5,0.5,1.0,0.3333,0.5,0.75,1.0,0.5
8680384190,1770404876,59,1,0.4444,0.0,0.5,0.6667,1.0,1.0,0.5,0.5,0.5,0.5,0.5,0.0
8680453812,1770408126,59,1,0.4375,0.6,1.0,0.5,1.0,1.0,0.3333,0.5,1.0,0.5,1.0,0.5
8680463401,1770408611,59,1,0.5,0.0,0.5,0.5,0.6667,0.5,1.0,0.0,0.5,0.0,0.5,0.5
8680514821,1770411403,59,0,0.4706,0.5455,0.0,0.5,0.5,0.0,0.5,1.0,0.5,0.0,1.0,0.5
8681257159,1770465332,59,1,0.5833,0.4167,1.0,0.5,0.6667,1.0,0.5,0.5,0.75,0.6667,1.0,1.0
8681252145,1770465628,59,0,0.4444,0.7692,0.0,0.0,0.0,0.5,0.5,1.0,1.0,1.0,1.0,0.5
8681270106,1770465811,59,0,0.0,0.3636,0.5,0.5,0.5,0.5,0.5,0.5,0.5,1.0,1.0,0.0
8681348654,1770469206,59,1,0.6154,0.3846,0.0,1.0,0.75,0.5,1.0,0.3333,0.6,0.5,0.5,0.5
8681350238,1770469269,59,0,0.4211,0.7857,0.0,0.5,0.4,0.0,0.4,1.0,0.6667,0.6667,0.6667,0.6667
8681395986,1770471083,59,0,0.0,0.4167,0.0,0.5,0.0,0.0,0.0,0.0,0.5,0.0,1.0,1.0
8681574611,1770478163,59,0,0.5455,0.3571,0.75,0.5,0.5,1.0,1.0,0.0,0.0,0.5,0.5,0.5
8681570464,1770478185,59,1,0.6667,0.4,0.5,0.5,0.5,0.5,1.0,1.0,0.5,1.0,1.0,0.0
8681588293,1770478464,59,0,0.0,0.8,0.0,0.0,0.5,0.5,0.0,1.0,1.0,0.75,0.5,0.5
8681675935,1770481813,59,1,0.8125,0.0,1.0,0.7143,0.5,0.5,0.5,0.5,0.0,0.5,0.0,0.0
8681689018,1770482342,59,1,0.5,0.4,0.5,0.5,0.5,0.5,0.6667,0.0,0.5,0.5,0.5,0.5
8681702184,1770482881,59,0,0.4,0.6923,0.5,0.0,0.0,0.0,0.5,1.0,0.5,0.5,0.5,0.75
8681786674,1770486772,59,1,0.5385,0.375,0.6667,1.0,0.0,1.0,0.0,1.0,0.3333,0.5,0.3333,0.5
8681877202,1770490581,59,0,0.4615,0.6429,0.5,0.5,0.0,1.0,0.0,0.6667,0.0,0.8,1.0,1.0
8681884330,1770491266,59,1,0.7143,0.5714,0.5,0.5,0.5,0.0,1.0,0.75,0.5,0.0,1.0,0.5
8681973347,1770494923,59,1,0.5333,0.7333,0.6,0.5,0.5,0.0,1.0,1.0,1.0,0.5,1.0,0.8
8681980178,1770495253,59,1,0.6667,0.4286,0.5,0.75,0.8333,0.5,1.0,0.0,1.0,1.0,0.0,0.5
8682026627,1770498280,59,0,0.5625,0.6875,0.6667,1.0,0.5,0.5,1.0,0.5,0.5,1.0,0.75,1.0
8682808051,1770551930,59,0,0.35,0.3529,0.5,0.5,0.0,0.75,0.5,0.0,0.5,0.5,0.5,0.5
8682922613,1770556145,59,1,0.35,0.3889,0.5,1.0,0.0,0.0,0.5,0.6667,0.6667,1.0,0.0,0.5714
8683023838,1770560162,59,1,0.4,0.3684,0.3333,1.0,0.75,1.0,0.6667,0.3333,0.5,0.0,0.5,0.0
8684425399,1770650880,59,0,0.8235,0.5294,1.0,1.0,1.0,0.75,1.0,0.5714,0.5,0.0,1.0,0.3333
8684532976,1770655715,59,0,0.5556,0.7778,0.5,0.5,1.0,0.6,0.5,1.0,0.5,0.5,1.0,0.75
8684600389,1770659324,59,0,0.5263,0.7895,0.5,0.5,1.0,0.5,0.5,0.5,0.6667,1.0,0.0,0.8
8684678048,1770663751,59,0,0.6875,0.7059,0.5,1.0,0.8571,0.6,0.3333,0.5,0.5,1.0,0.6667,1.0
8684769721,1770668103,59,0,0.6471,0.7222,0.5,0.8,0.75,0.6667,0.25,1.0,0.5,0.0,0.8,0.6667
8685653783,1770737471,59,0,0.45,0.5,0.0,0.0,0.5,0.5,0.75,0.625,0.75,1.0,0.3333,0.75
8685755756,1770741817,59,1,0.4,0.55,0.0,1.0,1.0,0.3333,0.0,1.0,0.5,0.5,0.5,0.75
8685845932,1770746278,59,1,0.55,0.4,0.6667,1.0,1.0,1.0,0.4,0.5,0.0,1.0,0.0,0.4286
8685924571,1770752069,59,1,0.4,0.6111,0.5,0.3333,0.0,0.5,0.5,0.5,1.0,0.5,0.6667,0.5
8686040367,1770756060,59,1,0.5789,0.4375,0.5,1.0,0.0,0.5,1.0,0.6667,0.5,0.5,0.6667,0.0
8686090858,1770759788,59,1,0.4118,0.6,0.0,0.6667,0.5,1.0,0.5,0.6667,0.5,0.3333,0.5,0.0
8686982890,1770823701,59,0,0.4444,0.6,0.3333,0.5,0.5,1.0,0.5,0.5,1.0,0.0,0.5,0.8
8687082477,1770827954,59,1,0.6,0.4211,0.6,0.0,0.5,0.5714,0.0,0.5,0.25,0.5,0.0,0.5
8687244701,1770836184,59,0,0.7368,0.8,0.5,1.0,1.0,0.5,1.0,1.0,0.75,1.0,1.0,0.5
8687324858,1770840058,59,1,0.8,0.7,0.5,0.75,0.8,0.6,0.5,1.0,0.6667,1.0,0.8333,1.0
8688061956,1770902966,59,0,0.6,0.7,0.5,0.5,0.5,0.625,0.6,0.6667,0.5,1.0,0.5,0.5
8688182857,1770907711,59,0,0.7,0.55,1.0,0.75,0.5,1.0,0.75,0.6667,0.8,0.5,1.0,0.8333
8688277454,1770911997,59,0,0.55,0.7,0.0,0.5,0.5,1.0,0.5,0.5,0.0,1.0,0.75,1.0
8688402770,1770917960,59,1,0.8,0.7,1.0,0.7778,0.8333,1.0,1.0,1.0,0.5,0.0,0.8,0.6
8688503334,1770922425,59,0,0.65,0.85,0.0,0.5,0.0,1.0,1.0,1.0,0.6667,0.5,1.0,1.0
8688575551,1770926374,59,1,0.85,0.65,0.6667,0.8,1.0,1.0,1.0,0.5,0.6667,0.3333,0.6667,0.7143
8693354840,1771239343,59,0,,0.5455,0.5,0.5,0.5,0.5,0.5,0.5,0.5,0.5,0.5,0.5
8693417171,1771243783,59,0,0.0,0.5833,0.5,0.5,0.5,0.5,0.5,0.5,0.5,0.5,1.0,0.5
8693504706,1771248544,59,0,0.5833,0.5,1.0,0.5,0.5,0.5,0.6667,0.5,0.3333,0.5,1.0,1.0
8693593278,1771252800,59,1,0.5556,0.5385,0.5,0.5,1.0,0.5,1.0,0.5,0.5,0.5,0.5,0.5
8693723587,1771259027,59,1,0.85,,0.5,0.8,0.8571,0.6667,0.5,0.5,0.5,0.5,0.5,0.5
8693833533,1771263190,59,0,0.0,0.85,0.5,0.5,0.0,0.5,0.5,0.5,0.8182,0.875,0.5,1.0
8693948351,1771269062,59,1,0.4286,,1.0,0.5,0.5,0.6667,0.5,0.5,0.5,0.5,0.5,0.5
8694016846,1771272480,59,1,0.0,0.5,0.5,0.5,0.0,0.5,0.5,0.5,0.5,0.5,0.5,0.5
8694620579,1771329299,59,1,0.9,0.0,0.6667,1.0,1.0,1.0,0.8,0.5,0.5,0.5,0.5,0.5
8694627572,1771329302,59,0,0.75,,0.5,0.5,0.5,1.0,1.0,0.5,0.5,0.5,0.5,0.5
8694692688,1771329615,59,1,0.4286,,1.0,0.5,0.5,0.5,0.5,0.5,0.5,0.5,0.5,0.5
8694745868,1771333084,59,1,0.5,0.0,0.5,1.0,0.5,0.5,0.5,0.0,0.5,0.5,0.5,0.0
8694753345,1771333104,59,0,0.0,0.9,0.5,0.5,0.5,0.5,0.5,0.75,0.8333,0.6667,1.0,0.8333
8694763191,1771333888,59,1,1.0,0.6923,0.5,1.0,0.5,0.5,0.5,1.0,1.0,0.5,0.5,0.5
8694827368,1771336954,59,1,,,0.5,0.5,0.5,0.5,0.5,0.5,0.5,0.5,0.5,0.5
8694844159,1771337429,59,0,0.5,0.5,0.5,0.0,0.5,0.5,0.5,0.5,0.5,0.5,0.5,0.5
8694893418,1771339891,59,0,,0.0,0.5,0.5,0.5,0.5,0.5,0.5,0.5,0.5,0.5,0.5
8694931163,1771341540,59,1,0.3333,0.5333,0.5,0.5,0.5,1.0,0.0,0.0,1.0,0.0,1.0,0.5
8694940772,1771341721,59,0,0.0,1.0,0.5,0.0,0.5,0.5,0.5,0.5,0.5,0.5,0.5,0.5
8694987925,1771343821,59,0,0.0,0.2,0.5,0.0,0.5,0.5,0.5,0.5,0.0,0.0,0.0,0.5
8695029034,1771345981,59,0,0.0,0.6154,0.5,0.0,0.0,0.0,0.5,0.5,0.5,0.5,1.0,0.6667
8695048813,1771346663,59,0,0.0,1.0,0.5,0.5,0.5,0.5,0.0,0.5,0.5,0.5,0.5,1.0
8695096621,1771348861,59,1,0.5556,0.6429,0.5,0.5,0.5,1.0,0.5,0.5,0.0,0.5,1.0,0.5
8695126869,1771350240,59,1,1.0,0.0,1.0,0.5,0.5,0.5,0.5,0.5,0.0,0.5,0.5,0.5
8695145808,1771350960,59,1,0.6429,0.0,0.5,0.5,0.5,1.0,1.0,0.5,0.5,0.5,0.5,0.5
8695177931,1771352460,59,1,0.6,0.6,1.0,0.0,0.5,0.5,1.0,0.5,0.5,0.6667,0.5,0.5
8695219250,1771354929,59,0,1.0,0.3333,0.5,1.0,0.5,0.5,1.0,0.5,0.5,1.0,0.5,0.5
8695241710,1771355760,59,0,0.0,0.0,0.5,0.5,0.0,0.5,0.5,0.5,0.5,0.5,0.5,0.5
8695261608,1771357215,59,0,0.6,0.4444,0.5,0.5,0.5,0.5,0.5,0.0,0.5,0.5,0.75,0.5
8695299239,1771359185,59,0,0.6667,0.4286,1.0,0.5,0.5,1.0,0.5,0.0,0.3333,0.5,0.5,1.0
8695317896,1771359846,59,0,0.0,0.3333,0.5,0.0,0.5,0.0,0.5,0.5,1.0,0.5,0.5,0.0
8695336368,1771361100,59,1,0.5455,0.5,0.0,1.0,0.5,0.5,0.0,1.0,1.0,1.0,0.5,0.5
8695864051,1771412100,59,1,0.6667,1.0,0.5,0.5,1.0,0.5,1.0,0.5,0.5,1.0,1.0,1.0
8695867426,1771412100,59,1,0.0,0.5625,0.5,0.5,0.5,0.5,0.0,0.5,0.5,0.0,0.5,1.0
8695879068,1771412504,59,1,0.9,0.0,1.0,0.8462,0.8889,1.0,1.0,0.5,0.0,0.5,0.0,0.5
8695931779,1771416241,59,0,0.5294,0.2,0.5,0.0,0.0,0.5,0.0,0.5,0.5,0.5,0.0,0.0
8695931537,1771416600,59,0,0.6875,0.8,1.0,0.5,1.0,0.5,0.5,1.0,1.0,0.5,0.5,0.5
8695945509,1771416733,59,0,0.6364,0.0,1.0,0.5,0.5,0.5,0.5,0.5,0.5,0.0,0.5,0.5
8695942998,1771417170,59,1,0.9,0.0,0.6667,0.8333,0.9,1.0,1.0,0.5,0.5,0.0,0.0,0.5
8696025726,1771421219,59,0,0.5,0.5,0.5,0.75,0.0,1.0,0.5,1.0,0.5,0.5,1.0,1.0
8696007524,1771421221,59,0,0.5,0.5833,0.5,0.5,0.0,0.5,1.0,0.5,0.5,0.0,0.5,0.0
8696016706,1771421286,59,0,0.0,0.4545,0.5,0.5,0.5,0.5,0.5,0.5,0.5,0.5,0.5,0.5
8696032319,1771422120,59,1,0.5,0.5,1.0,0.0,0.5,0.0,0.5,1.0,1.0,1.0,0.5,0.0
8696088640,1771424640,59,0,0.4,0.6154,0.5,0.5,0.5,0.5,0.5,1.0,0.5,1.0,0.5,0.5
8696105036,1771425303,59,1,0.5,0.0,0.0,0.0,0.5,0.5,0.5,0.5,0.5,0.0,0.0,0.0
8696116685,1771425714,59,0,0.6,0.4706,0.5,0.5,1.0,1.0,0.5,0.5,0.6,1.0,0.0,0.3333
8696122466,1771426380,59,1,0.6,0.4444,0.0,1.0,0.5,0.5,0.5,0.5,0.5,0.5,0.5,0.5
8696203572,1771430100,59,0,0.0,0.5,0.0,0.5,0.5,0.0,0.5,0.0,1.0,0.5,0.3333,0.0
8696216369,1771430282,59,0,0.2,0.3333,0.5,0.5,0.0,0.5,0.5,0.5,0.0,0.5,0.5,0.5
8696218051,1771430635,59,1,0.6471,0.5833,0.5,1.0,0.0,0.5,1.0,0.5,0.5,1.0,0.5,1.0
8696228605,1771430988,59,1,0.95,0.8333,1.0,1.0,0.5,1.0,1.0,0.5,1.0,1.0,1.0,0.5
8696286823,1771433821,59,0,0.5263,0.0,1.0,0.5,0.5,0.5,0.6667,0.5,0.5,0.5,0.5,0.0
8696295052,1771434180,59,1,0.4286,0.1667,0.5,0.5,0.5,0.5,0.0,0.5,0.5,0.5,0.5,0.0
8696317708,1771435020,59,1,0.95,0.7143,1.0,0.8571,1.0,1.0,0.8333,0.5,0.5,0.5,1.0,0.5
8696315160,1771435079,59,0,0.5385,0.6667,1.0,0.0,0.0,0.5,0.6667,1.0,1.0,0.5,0.6667,1.0
8696400188,1771439101,59,1,0.6667,0.3333,0.5,1.0,1.0,1.0,0.5,0.5,0.5,0.5,0.5,0.5
8696399585,1771439102,59,1,0.0,0.4,0.0,0.5,0.5,0.0,0.5,0.5,0.5,0.5,0.5,1.0
8696407511,1771439340,59,1,0.5,0.6429,0.5,0.0,0.5,0.5,0.6667,0.5,1.0,0.5,0.5,1.0
8696428864,1771440475,59,1,0.5385,0.5,0.5,1.0,0.5,1.0,0.5,0.5,0.3333,0.5,0.5,0.0
8696466009,1771442580,59,0,0.2857,0.7143,0.3333,0.5,0.5,0.5,0.0,0.5,0.5,1.0,0.5,0.6667
8696474752,1771442941,59,0,0.1429,0.3636,0.5,0.5,0.0,0.5,0.0,0.5,0.5,0.5,0.5,0.5
8696488308,1771443188,59,0,0.6,0.5714,0.0,0.5,1.0,0.5,0.5,0.5,1.0,0.5,0.5,1.0
8696528491,1771445759,59,0,0.4737,0.5714,1.0,0.5,0.0,0.5,0.5,0.5,1.0,0.0,0.5,0.5
8697088694,1771498499,59,1,0.125,0.1429,0.5,0.0,0.5,0.5,0.0,1.0,0.5,0.5,0.5,0.0
8697089342,1771498501,59,0,0.625,0.5,0.0,0.5,0.5,0.5,0.5,0.5,0.5,0.5,0.5,0.5
8697090294,1771498501,59,0,0.6842,0.5,1.0,1.0,1.0,0.5,1.0,0.5,0.5,0.5,0.5,0.5
8697096074,1771498619,59,0,0.5,0.95,0.6667,1.0,0.0,0.5,0.5,1.0,0.875,0.5,1.0,0.8571
8697151353,1771502099,59,1,0.2222,0.125,0.5,0.5,0.0,0.3333,1.0,0.5,0.5,1.0,0.5,0.0
8697154213,1771502340,59,0,0.5,0.65,0.0,0.75,0.0,0.0,0.5,0.6,0.5,0.5,0.6667,1.0
8697171723,1771503000,59,1,0.95,0.4667,1.0,0.8571,0.75,1.0,1.0,0.0,0.5,0.5,0.5,0.5
8697190420,1771504080,59,1,0.5556,0.5556,0.0,1.0,0.5,0.5,0.5,1.0,1.0,0.5,0.5,0.5
8697249030,1771507498,59,0,0.45,0.4167,0.5,0.5,0.5,0.5,0.5,0.5,0.5,0.5,0.5,1.0
8697255100,1771507517,59,0,0.5625,0.125,1.0,0.5,0.5,0.5,1.0,0.5,0.0,0.0,0.5,0.5
8697256357,1771507799,59,1,0.6,0.25,0.6667,1.0,0.6667,1.0,1.0,0.5,0.0,0.0,0.5,0.5
8697269393,1771508520,59,1,0.75,0.625,0.5,0.3333,0.5,1.0,0.75,1.0,0.5,0.5,0.6667,1.0
8697328519,1771511339,59,0,0.2222,0.625,0.5,0.0,0.5,0.5,0.5,0.6667,1.0,1.0,1.0,1.0
8697341660,1771511875,59,0,0.4615,0.4,0.5,1.0,1.0,1.0,0.0,0.5,0.5,0.5,1.0,0.4
8697344540,1771511943,59,1,0.7778,0.5556,1.0,0.5,0.5,1.0,1.0,0.0,1.0,0.0,1.0,1.0
8697361675,1771512420,59,0,0.2222,0.5294,0.5,0.5,0.0,0.5,1.0,0.5,0.5,0.5,0.0,0.5
8697450883,1771516799,59,1,0.5,0.3,1.0,0.5,0.0,1.0,0.5,1.0,1.0,0.5,1.0,0.0
8697468814,1771517517,59,1,0.6,0.4375,0.5,0.0,1.0,0.5,0.5,0.0,0.5,0.0,1.0,1.0
8697483686,1771518000,59,1,0.95,0.65,0.5,0.8667,0.6667,1.0,0.5,0.6667,0.5,0.5,1.0,0.0
8697485006,1771518184,59,1,0.1111,0.5,0.5,0.0,0.5,0.0,0.5,0.5,1.0,0.6,1.0,0.5
8697542120,1771520759,59,0,0.2727,0.5455,0.5,0.0,0.0,0.5,0.5,0.5,1.0,0.5,0.0,1.0
8697564182,1771521656,59,0,0.4118,0.6364,0.5,0.5,0.0,0.6667,0.6667,0.5,0.0,1.0,0.6667,0.0
8697576851,1771521780,59,1,0.6,0.95,0.5,0.5,1.0,0.5,1.0,0.75,0.75,0.75,1.0,0.875
8697596107,1771522800,59,0,0.45,0.2,0.6667,0.5,0.6667,1.0,1.0,0.5,0.5,0.0,0.0,0.0
8697666126,1771526396,59,0,0.5556,0.4286,0.5,0.5,0.5,0.6667,0.5,0.5,0.5,1.0,0.0,0.5
8697681037,1771526518,59,1,0.6471,0.5,0.75,0.8,0.75,1.0,1.0,1.0,0.5,0.0,0.5,0.6667
8697682487,1771526591,59,0,0.2,0.4,0.25,0.0,0.0,0.5,0.0,0.5,1.0,0.0,0.3333,0.5
8697698749,1771528137,59,0,0.2,0.8,0.5,1.0,0.0,0.5,1.0,0.6667,0.5,0.5,1.0,0.8
8697723954,1771529520,59,1,0.4,0.1818,1.0,1.0,0.5,0.5,0.0,0.5,0.0,0.5,0.5,0.5
8697750242,1771530420,59,0,0.4545,0.6667,0.0,0.5,1.0,0.5,0.5,0.5,0.5,0.5,1.0,1.0
8697754563,1771531016,59,1,0.5263,0.4667,0.5,0.6667,0.5,0.5,0.6667,0.0,0.5,1.0,0.5,0.5
8697789792,1771532760,59,0,0.8182,0.1818,1.0,1.0,1.0,1.0,1.0,0.0,0.0,0.5,0.0,0.0
8698367105,1771584898,59,1,0.3889,0.5833,0.0,0.5,0.5,0.5,0.5,0.5,0.5,0.5,0.3333,1.0
8698367627,1771584900,59,1,0.65,0.25,0.5714,1.0,1.0,1.0,0.75,1.0,0.5,0.0,0.5,0.5
8698371110,1771584939,59,0,0.2727,0.6667,0.0,0.5,0.5,0.0,0.5,0.6667,0.5,0.0,0.75,0.5
8698371604,1771585098,59,1,0.9,0.45,0.5,0.5,1.0,0.8889,1.0,0.5,0.5,0.5,0.0,0.5
8698428156,1771588680,59,0,0.2308,0.7,0.5,0.0,0.0,0.5,0.5,1.0,1.0,1.0,0.5,0.8
8698437169,1771588741,59,1,0.4,0.95,0.5,0.5,0.0,0.5,0.5,1.0,1.0,0.9091,1.0,0.7778
8698438568,1771588800,59,0,0.25,0.6923,0.5,0.3333,0.5,0.0,0.5,0.5,0.6667,0.0,0.0,0.5
8698436662,1771588975,59,0,0.5385,0.4211,1.0,0.5,0.5,0.5,0.5,0.5,1.0,1.0,0.5,1.0
8698519674,1771593900,59,0,0.6842,0.4375,0.6667,0.5,0.6667,0.5,0.5,1.0,0.5,0.5,0.5,1.0
8698519769,1771593900,59,0,0.1667,0.4167,1.0,0.0,0.0,0.5,0.5,0.6667,0.5,1.0,0.6667,1.0
8698542436,1771593960,59,1,0.25,0.4,0.5,0.3333,0.3333,0.3333,0.0,1.0,0.0,0.5,1.0,1.0
8698568968,1771595222,59,0,0.75,0.55,1.0,1.0,1.0,1.0,0.5,0.5,0.0,0.0,1.0,0.75
8698613744,1771597560,59,0,0.3077,0.4,0.5,0.5,1.0,0.0,0.0,0.5,0.0,1.0,0.5,0.5
8698630441,1771598101,59,0,0.1538,0.4615,0.5,0.0,0.5,0.0,0.0,0.5,0.75,0.5,0.5,1.0
8698660679,1771599477,59,0,0.6,0.6923,0.6667,0.5,0.3333,1.0,0.3333,0.75,1.0,0.3333,0.5,0.5
8698668899,1771599660,59,1,0.4706,0.65,1.0,0.5,0.5,1.0,0.0,0.5,1.0,0.5,0.5,0.5
8698782516,1771604996,59,1,0.5,0.45,0.0,0.3333,0.0,1.0,0.6667,0.5,0.5,1.0,1.0,1.0
8698904895,1771609797,59,1,0.45,0.5333,0.5,0.5,0.0,0.5,0.5,0.0,0.6667,1.0,1.0,0.5
8698996024,1771615300,59,0,0.5,0.5,0.5,1.0,1.0,0.5,0.6,0.3333,1.0,1.0,0.0,0.3333
8699819713,1771669515,59,0,0.6,0.7143,0.5,1.0,1.0,0.5,0.4,1.0,0.0,0.5,0.5,0.5
8699897894,1771673460,59,0,0.55,0.7333,0.6,0.75,0.5,1.0,0.6667,0.5,1.0,1.0,1.0,0.5
8700062110,1771680778,59,0,0.7143,0.6,0.8,0.5,0.5,0.5,0.8333,0.75,0.5,0.8,0.0,1.0
8700166436,1771684498,59,0,0.6,0.6667,1.0,0.8,0.8333,0.5,0.5,0.6667,0.6,0.5,0.6667,0.6667
8700287136,1771689056,59,0,0.6875,0.55,0.6667,0.6667,0.6667,0.8333,0.7143,0.4,0.6667,0.7143,0.8333,1.0
8700405044,1771693740,59,1,0.9,0.75,1.0,0.6,0.6,1.0,1.0,0.625,1.0,1.0,0.75,1.0
8700519354,1771698120,59,0,0.7,0.9,0.5,0.6667,0.3333,0.75,0.3333,0.75,0.8889,0.8,1.0,1.0
8700643559,1771703520,59,0,0.5294,0.5,1.0,0.5,0.5,1.0,0.5,1.0,0.5,0.6667,1.0,1.0
8700717009,1771707120,59,0,0.5,0.5263,0.5,1.0,0.5,0.5,0.4,1.0,0.5,0.75,1.0,1.0
8701415358,1771755934,59,1,0.5,0.6471,0.5,1.0,0.0,0.5,0.3333,0.0,0.5,1.0,0.75,1.0
8701495156,1771759799,59,0,0.6111,0.5,1.0,0.5714,0.6,0.6,1.0,0.5,0.5,0.6667,1.0,0.8
8701666212,1771766698,59,0,0.65,0.6,0.5,0.75,0.5,1.0,0.5,0.5,0.75,0.75,0.8571,1.0
8701817219,1771771916,59,1,0.65,0.6,1.0,0.5,0.7778,0.5,0.5,0.3333,0.6,0.5,0.75,0.0
8701978003,1771777800,59,0,0.4737,0.75,0.0,0.5,0.5,0.6667,0.5,0.5,0.75,0.5,1.0,1.0
8702081221,1771781880,59,1,0.7647,0.45,1.0,0.5,0.5,0.5,1.0,1.0,0.5,1.0,1.0,0.0
8702232936,1771788304,59,1,0.9,0.55,1.0,0.6667,1.0,0.5,0.8571,1.0,0.0,0.0,0.6667,0.6667
8702331491,1771792920,59,1,0.9,0.55,1.0,0.7143,0.8333,1.0,1.0,0.5,1.0,1.0,1.0,1.0
8702997623,1771842851,59,1,0.45,0.5789,0.6667,0.0,1.0,0.5,0.75,0.5,0.75,0.5,0.5,0.5
8703101544,1771847457,59,0,0.55,0.5,0.75,1.0,0.6667,0.5,0.625,0.5,0.5,1.0,0.25,0.8
8703243107,1771853095,59,0,0.55,0.5,0.5,0.5,0.0,0.0,0.8,1.0,0.5,0.25,1.0,0.4286
8703354577,1771857238,59,1,0.55,0.55,0.5,0.0,0.4,0.5,0.8333,0.6667,0.5,0.5,0.5,0.8
8703518862,1771863986,59,0,0.9,0.7,1.0,0.875,1.0,1.0,1.0,1.0,0.8,0.6667,0.875,1.0
8703596234,1771867320,59,1,0.85,0.75,1.0,0.75,0.8462,1.0,1.0,0.8,0.6,0.75,0.8889,1.0
8703682176,1771871340,59,0,0.7,0.85,0.6667,0.8333,0.8,1.0,0.5,0.5,0.7778,0.6667,0.9,1.0
8703811606,1771878120,59,0,0.55,0.7778,0.6667,0.6667,0.5,0.8,0.6667,0.75,0.6667,0.6667,0.5,0.0
8703862527,1771881360,59,1,0.7895,0.55,1.0,1.0,0.5,0.8,0.3333,1.0,0.5,0.5,0.0,0.5
8704372110,1771928695,59,0,0.6,0.7,0.5,1.0,1.0,1.0,0.8571,0.5,0.6667,0.4,0.6667,1.0
8704436647,1771932783,59,0,0.55,0.7,0.0,0.5,0.5,0.5,0.75,0.5714,1.0,0.0,0.5,1.0
8704584247,1771939498,59,1,0.55,0.55,0.5,1.0,1.0,0.5,0.6667,0.0,0.5,0.5,0.5,0.3333
8704672982,1771942917,59,1,0.55,0.55,0.0,0.5,0.0,0.5,0.3333,0.5556,0.5,1.0,0.5,0.5
8704809958,1771948496,59,1,0.55,0.5,0.5,0.0,0.5,0.5,0.8333,1.0,1.0,0.6667,0.0,0.6667
8704911047,1771953000,59,0,0.55,0.55,0.6,0.6,0.4286,0.0,0.5556,0.0,0.3333,0.5,0.0,0.5
8704994010,1771956900,59,0,0.5,0.55,0.5714,0.0,1.0,1.0,0.5,0.5,1.0,0.5,0.25,0.6
8705093983,1771961940,59,0,0.85,0.8,1.0,0.9,0.8333,1.0,1.0,0.0,0.75,1.0,0.8333,1.0
8705170081,1771966440,59,1,0.8,0.8,1.0,0.8,0.8571,0.75,0.5,1.0,1.0,0.75,0.8571,1.0
8705234350,1771971382,59,0,0.8,0.75,1.0,1.0,0.75,0.8333,1.0,0.8,0.8,1.0,0.5,0.5
8705689500,1772015097,59,0,0.55,0.5,0.0,1.0,0.0,1.0,0.3333,0.5,0.0,1.0,1.0,0.5
8705770056,1772020136,59,0,0.55,0.5,0.5,1.0,0.5,0.6667,0.5556,0.5,0.5,0.5,0.5,0.4286
8705868819,1772024876,59,0,0.5,0.5,0.0,0.5,0.3333,1.0,0.25,0.5714,1.0,0.3333,0.3333,1.0
8705985032,1772029556,59,1,0.45,0.75,0.5,0.6667,0.0,0.5,0.8333,0.5,0.8,1.0,1.0,0.5
8706108597,1772034719,59,0,0.45,0.7,0.25,0.5,0.5,1.0,0.8571,0.8333,1.0,1.0,0.5,0.5
8706217180,1772039636,59,0,0.4,0.75,0.5,1.0,1.0,1.0,0.7143,1.0,0.5,0.5,0.6667,1.0
8706315543,1772044380,59,0,0.55,0.75,0.6667,1.0,0.6667,1.0,0.6667,1.0,0.7143,0.7273,0.8,1.0
8706393740,1772048400,59,1,0.75,0.5,0.5714,0.7143,1.0,0.75,1.0,0.5,0.5,0.5,0.5,1.0
8706467498,1772052841,59,1,0.75,0.5,0.8,0.8182,1.0,1.0,0.8571,0.5,0.0,0.375,0.5,0.5
8706520721,1772056920,59,1,0.45,0.75,0.5,0.5,0.5,0.4286,0.75,0.8571,0.8182,0.8667,0.7143,0.875
8706561733,1772060820,59,1,0.45,0.7,0.5,0.5,0.5,0.0,0.4545,1.0,0.75,0.8125,0.625,0.875
8706982309,1772101496,59,0,0.45,0.75,0.3333,0.6,0.5,1.0,0.25,0.5,0.75,0.0,0.8182,1.0
8707039268,1772105095,59,1,0.45,0.75,0.5,1.0,0.6667,0.3333,0.5,0.625,0.7778,0.6,0.5,0.8333
8707134142,1772109836,59,1,0.7,0.45,1.0,0.75,0.5,0.6667,1.0,0.6,0.5,0.5,0.4,0.5
8707250597,1772114637,59,0,0.75,0.45,0.8571,0.5,0.5,1.0,0.6667,0.5,0.0,0.6,0.5,0.3333
8707360093,1772118897,59,0,0.45,0.75,0.5,0.5556,0.5,0.6667,0.8,1.0,1.0,0.6667,1.0,1.0
8707467954,1772123516,59,1,0.8,0.4,1.0,0.5,0.5,0.75,0.5,0.5,0.5,0.0,0.5,0.0
8707575685,1772128500,59,0,0.5,0.65,0.625,0.5,1.0,0.5,0.5,0.6667,0.6923,1.0,0.7143,0.7778
8707662784,1772132820,59,0,0.65,0.45,0.75,0.8235,1.0,0.75,1.0,0.0,0.5,0.0,0.4,0.4545
8707774059,1772138894,59,1,0.5,0.6,1.0,1.0,0.5,0.5,1.0,0.6667,0.7143,0.7143,0.5,1.0
8707822522,1772142720,59,1,0.4,0.45,1.0,0.5,0.0,1.0,0.25,0.0,0.5,1.0,0.5,0.5714
8707867898,1772146740,59,0,0.4,0.45,0.5,1.0,0.75,0.5,0.625,0.5,0.5,0.0,0.5,0.5
8707906607,1772151035,59,1,0.35,0.5,1.0,0.5,0.5,0.6667,0.5,1.0,1.0,0.0,1.0,0.5
8708293887,1772187898,59,1,0.7,0.85,0.5,0.7778,1.0,1.0,0.5,1.0,0.5,0.75,1.0,1.0
8708294079,1772187900,59,0,0.55,0.4,0.8889,0.5,0.8571,0.9091,1.0,0.5,1.0,0.0,0.5,0.5556
8708347585,1772191260,59,0,0.45,0.5,0.6667,0.3333,0.5,0.6667,0.5,0.8,0.8333,0.6,0.3333,0.7778
8708368779,1772192458,59,1,0.8,0.7,1.0,0.6667,0.75,0.5,1.0,0.6667,0.5,0.75,1.0,0.7143
8708443393,1772196118,59,0,0.65,0.8,0.5556,0.7,1.0,0.0,1.0,0.0,0.5,1.0,0.6667,1.0
8708445472,1772196180,59,0,0.45,0.55,0.5,0.0,1.0,0.3333,0.2,1.0,0.8462,0.5,0.8333,0.6667
8708568399,1772201275,59,0,0.55,0.5,1.0,0.5,0.5,0.5,1.0,0.5,0.6667,0.0,0.5,0.0
8708565430,1772202250,59,1,0.4,0.35,0.5,0.75,0.5,0.0,1.0,1.0,0.5,0.5,0.5,0.6667
8708689404,1772206023,59,1,0.55,0.5,0.5556,0.6667,0.5,1.0,0.6667,0.5,0.5,0.5,0.5,0.5
8708690141,1772206140,59,0,0.3,0.4,0.5,0.5,1.0,0.7143,0.5,0.5,0.8,1.0,0.5,1.0
8708807338,1772211121,59,0,0.55,0.45,1.0,0.3333,0.0,1.0,0.7,0.6667,0.5,0.8,1.0,0.5
8710019404,1772286964,59,0,0.55,0.55,1.0,0.6667,0.7647,0.8462,0.75,0.6,0.6667,0.3333,1.0,0.8
8710135523,1772291096,59,0,0.55,0.55,0.5,0.4,0.5,0.5,0.5,0.8182,0.7778,1.0,1.0,0.8
8710260672,1772295835,59,0,0.5,0.55,0.6364,0.5,0.8,0.5,0.6364,0.6,0.8571,0.625,1.0,0.8182
8710371476,1772300335,59,0,0.8,0.6,0.6667,0.6667,0.6,0.75,0.5,0.5,1.0,0.75,0.8333,1.0
8710481024,1772305014,59,1,0.65,0.75,0.6667,0.8,1.0,0.75,0.8571,0.3333,1.0,0.5,0.6667,1.0
8711465051,1772366096,59,1,0.55,0.7,0.8333,0.8667,1.0,1.0,0.8,1.0,0.6667,0.0,0.8,0.6
8711578057,1772370355,59,1,0.55,0.65,0.75,0.875,0.75,1.0,1.0,1.0,0.5714,0.6,0.5,0.6667
8711768658,1772376899,59,0,0.55,0.7,0.6364,0.625,1.0,0.7857,1.0,0.5,0.8182,0.5,1.0,0.875
8711885801,1772381334,59,0,0.55,0.7,0.8571,0.8824,0.5,1.0,0.8182,0.625,0.6364,0.5714,0.8462,0.5
8711970053,1772384823,59,1,0.5,0.75,1.0,0.7895,0.7222,0.6667,0.75,1.0,0.8333,0.5,0.8,0.3333
8712056091,1772388652,59,1,0.7,0.5,0.6,1.0,0.625,0.0,0.8889,0.8,0.8,0.7778,0.8333,0.8333
8719042091,1772870432,59,1,,0.45,0.5,0.5,0.5,0.5,0.5,0.5,0.5,0.5,0.5,0.5
8719042141,1772870443,59,0,,0.45,1.0,0.5,0.5,0.5,0.5,0.5,0.5,0.6,1.0,0.5556
8719103631,1772874493,59,1,0.4,1.0,0.0,1.0,0.5,0.5,0.5,0.5,0.5,0.5,0.5,0.5
8719115659,1772875086,59,0,0.0,0.45,0.0,0.5,0.5,0.5,0.3333,1.0,0.4,0.0,1.0,1.0
8719172949,1772878342,59,1,0.5,0.4,0.5,0.5,0.5,1.0,0.5,0.5,0.6667,0.6667,0.3333,0.5
8719206511,1772880352,59,1,0.5,0.25,0.5,0.7619,0.5,1.0,0.5,0.5,0.5,0.3333,0.5,0.6667
8719267986,1772883841,59,0,0.5,0.45,0.5833,0.5,0.5,0.4286,0.5,0.0,0.25,0.5,0.5,0.5
8719282248,1772884399,59,0,0.25,0.5,0.0,1.0,0.3,0.5,0.5,0.5,0.5,0.7368,1.0,0.5
8719366143,1772888318,59,1,0.5,0.45,0.5,0.75,0.6667,1.0,0.5,0.0,0.0,1.0,1.0,1.0
8719372411,1772888606,59,0,,0.5,0.5,0.5,0.5,0.5,0.5,0.6667,0.75,0.5,0.6667,1.0
8719471475,1772892604,59,0,0.0,0.5,0.5,0.5,0.5,0.5,0.5,0.75,0.4,0.5,0.7,0.6667
8719473100,1772892612,59,0,0.55,0.4,0.5385,0.8,1.0,0.5,0.5833,1.0,0.5,0.5,0.0,0.0
8719587905,1772897060,59,0,0.4,,0.6667,0.0,0.5,0.5,0.5,0.5,0.5,0.5,0.5,0.5
8719592821,1772897274,59,1,0.4,0.6,0.25,0.0,0.75,1.0,0.0,0.5,0.3333,0.8,0.5,0.5
8719688162,1772901372,59,0,0.45,0.55,0.0,0.5,1.0,0.5,0.6,0.75,0.8889,0.5,0.5,1.0
8719697794,1772901460,59,1,1.0,0.35,0.5,0.5,1.0,1.0,0.5,0.5,0.6,0.5,0.5,1.0
8719782706,1772905208,59,0,0.4,0.55,1.0,0.5,0.0,1.0,0.8571,0.5,0.25,1.0,0.6667,0.75
8719863795,1772908721,59,1,0.7,0.5,0.75,1.0,0.5,1.0,0.5,0.5,1.0,0.5,0.0,0.5
8719940770,1772912295,59,0,0.7,0.4667,0.6667,0.7692,0.6667,0.8571,0.5,0.5,1.0,0.0,0.6,0.4
8720015970,1772916235,59,0,0.65,0.5,0.5,1.0,0.6667,1.0,0.5,0.0,0.75,0.5,0.0,0.5
8720527708,1772956850,59,1,0.5,0.0,0.0,0.3333,0.5,1.0,0.5385,0.5,0.5,0.5,0.0,0.5
8720526736,1772956865,59,0,0.6667,0.55,1.0,0.5,0.5,0.5,0.0,1.0,0.75,1.0,0.5,0.6667
8720605628,1772961360,59,1,0.0,0.5,0.0,0.5,0.0,0.5,0.5,1.0,1.0,0.4286,0.375,0.5714
8720609244,1772961537,59,0,0.5,0.55,0.5,0.5,1.0,1.0,0.5,0.5,0.4,0.6667,0.75,1.0
8720685171,1772965840,59,0,0.55,1.0,1.0,0.7727,0.8,1.0,1.0,1.0,0.5,0.5,0.5,0.5
8720719328,1772967388,59,0,0.25,0.45,0.5,0.0,0.5,1.0,0.5,0.5,0.25,0.75,0.3333,0.5
8720777640,1772970648,59,1,0.5,1.0,1.0,0.5,0.6667,0.7143,0.7391,0.5,0.5,0.5,1.0,0.5
8720834598,1772973304,59,0,0.4,0.4,0.5,0.0,0.5,0.5,1.0,0.5,0.0,0.8,0.5,0.5455
8720864986,1772974511,59,0,0.55,0.75,1.0,0.5,0.75,0.8889,0.8333,0.5,0.5,0.5,0.5,0.0
8720945912,1772977681,59,0,0.4,0.45,0.5,0.0,0.0,0.5,0.0,0.0,1.0,0.0,1.0,0.75
8720994008,1772979624,59,1,0.45,0.5294,0.4545,0.5,1.0,0.0,0.5,0.6667,0.5,0.25,0.6667,0.5
8721082163,1772983173,59,0,0.0,0.65,0.5,0.5,0.5,0.5,0.0,1.0,1.0,0.6667,0.6667,0.7143
8721141561,1772985645,59,0,0.5,0.45,0.5,0.8,0.5,0.5,0.0,0.0,0.8333,0.6,0.5,0.75
8721178344,1772987042,59,0,0.0,0.7,0.5,0.75,0.5,0.0,0.5,0.8,0.5,0.6923,0.7143,0.6667
8721243604,1772990227,59,0,0.55,0.4,0.6,0.5,0.6,0.8333,1.0,0.5,0.0,0.5,0.5,1.0
8721283256,1772992076,59,0,0.3,0.25,1.0,1.0,0.5,0.5,0.0,0.5,0.5,0.3333,0.5,0.4
8721340466,1772994924,59,0,0.45,0.5,0.6667,0.6667,1.0,0.6667,0.5,0.75,0.6,0.5,0.7143,0.5
8721358540,1772995592,59,0,0.25,0.3,1.0,0.4545,0.5,0.5,0.5,1.0,0.5,0.5,0.5,0.8
8721428939,1772999096,59,0,0.25,0.3,0.6667,0.4286,0.6667,0.4444,0.4615,0.5,0.0,0.5,0.5,0.3333
8721437198,1772999583,59,0,0.5,0.45,0.0,0.8,0.3333,0.7273,0.8,1.0,0.5,0.5,0.6667,0.5
8721924004,1773043207,59,1,0.45,0.5,0.5,0.3333,0.75,1.0,0.0,0.4,0.5,0.25,0.6667,0.3333
8721929300,1773043348,59,1,0.55,0.7,0.5,0.5,0.7143,0.75,0.75,1.0,0.0,1.0,0.0,1.0
8721978267,1773047426,59,0,0.55,0.65,0.5,1.0,0.75,0.5556,0.76,0.4545,0.5,0.75,0.0,0.7333
8721978320,1773047439,59,0,0.5,0.5,0.6,0.5,0.6667,1.0,0.5,1.0,0.5,0.5,0.5,0.2
8722020996,1773050365,59,1,0.55,0.65,0.5,0.5,0.6667,0.8889,0.7308,0.5,0.5,0.8,0.5,0.75
8722041512,1773051705,59,1,0.5,0.5,1.0,0.5,0.8,0.8333,0.25,0.5,0.5,0.5,1.0,0.3333
8722088275,1773054220,59,0,0.4,0.4737,0.5,0.0,0.5,0.0,1.0,0.0,0.0,0.0,0.5714,0.5
8722121500,1773056682,59,0,0.45,0.3,0.8,0.0,0.5714,0.75,0.6667,1.0,0.3333,1.0,0.6667,0.5
8722174800,1773058881,59,1,0.3333,0.5,0.3333,1.0,0.5,0.5,0.5,0.5,0.8,0.5,0.625,0.5714
8722211166,1773060621,59,1,0.3,0.4,1.0,0.5,0.5,0.75,0.6,1.0,0.3333,0.5,0.6,0.5
8722265503,1773062837,59,0,0.4286,0.5,0.5,1.0,0.5,0.5,1.0,0.5,0.5,1.0,0.3333,0.5
8722308255,1773064644,59,0,0.2,0.0,0.5,0.5,1.0,0.5,0.5,0.5,0.5,0.5,0.0,0.0
8722402149,1773068419,59,0,0.5,0.55,0.5,0.5,0.5,1.0,0.5,0.5,0.5,1.0,1.0,0.8
8722413679,1773068864,59,1,0.2,0.1667,0.5,0.25,0.5,0.5,0.5,0.5,0.5,0.5,0.5,1.0
8722516483,1773073315,59,1,0.35,0.2,0.5,0.0,0.0,0.5,0.0,0.5,0.4167,0.2727,0.5,0.4286
8722527581,1773073900,59,1,0.6,0.5,0.6,0.5714,0.5,0.6667,0.8333,1.0,0.5,0.4,0.0,0.3333
8722615864,1773077990,59,1,0.2,0.35,1.0,1.0,0.5,0.625,0.4,0.5,0.3333,0.0,1.0,0.5
8722621723,1773078483,59,0,0.5,0.8,0.5,0.25,0.5,0.5,1.0,1.0,0.5,0.5,0.6667,1.0
8722692770,1773081816,59,0,0.25,0.3,0.5,0.5,0.5714,0.6667,0.0,0.5,0.25,0.3333,1.0,0.0
8722703843,1773082491,59,0,0.8333,0.5,1.0,0.6667,1.0,0.5,1.0,0.5,0.2,0.8,0.4,0.5714
8722783850,1773086952,59,0,0.7143,0.55,1.0,1.0,1.0,0.5,1.0,0.5,0.0,0.6667,0.5,0.5
8723196697,1773129658,59,1,0.45,0.3333,0.5,0.0,0.5,0.5,0.5,1.0,0.6,0.5,0.5,0.5
8723196309,1773129669,59,1,0.5,0.35,0.5,0.5714,0.6667,1.0,0.5714,0.3333,0.6667,0.0,0.6667,0.6667
8723242140,1773133749,59,1,0.5,0.2857,0.3333,0.0,0.0,0.5,0.5833,0.5,0.0,1.0,0.0,0.6667
8723248847,1773134406,59,1,0.35,0.55,0.0,1.0,0.5,0.8,0.3333,0.5,1.0,0.75,1.0,0.5
8723283424,1773137425,59,0,0.375,0.4,0.5,0.5,0.0,1.0,0.0,0.0,0.5,0.6667,0.6667,0.0
8723300566,1773138708,59,1,0.4,0.55,0.0,0.5,0.5,0.6667,0.8333,1.0,0.0,0.5,0.0,0.6
8723337453,1773141317,59,1,0.3333,0.45,0.5,0.5,1.0,0.5,0.0,0.6667,0.5,1.0,0.7692,0.5714
8723375013,1773143787,59,0,0.5,0.6,1.0,0.6,0.375,0.5,0.5,0.5,1.0,0.6667,0.7778,0.7895
8723405985,1773145493,59,1,0.4,0.45,0.5,1.0,0.0,0.5,0.25,0.5,0.5,0.75,0.7143,0.5
8723443986,1773147450,59,0,0.65,0.5,0.6667,0.5,0.7143,0.7,0.5882,1.0,0.4286,0.6667,0.8571,0.8333
8723481092,1773149337,59,1,0.3,0.6,0.5,0.0,0.0,0.5,0.5,0.75,0.6667,0.6,0.8,0.0
8723528740,1773151503,59,0,0.5,0.6,0.5,0.6,0.3333,0.5,0.4,1.0,0.5,0.6667,0.8,0.5556
8723594304,1773154385,59,1,0.55,0.35,0.8333,0.0,0.4286,0.75,0.75,0.3333,0.0,0.0,1.0,0.5
8723608534,1773155070,59,0,0.55,0.625,0.5,1.0,1.0,0.5,0.5556,0.5,0.5,0.0,0.0,0.5
8723682107,1773158440,59,0,0.35,0.6,0.3333,0.3333,0.0,0.6667,0.5,0.75,0.0,0.5,0.8333,0.7647
8723689693,1773158733,59,0,0.6667,0.5,0.75,0.5,1.0,0.5,0.6667,0.6667,0.6667,0.5,0.5,1.0
8723788376,1773163558,59,1,0.6,0.5,0.5,0.5,0.5,0.5,0.5,0.5,0.75,0.5,0.5,0.6667
8724376776,1773216037,59,1,0.4545,0.5,1.0,0.0,1.0,0.6667,0.4,0.6667,0.3333,0.5,0.5,0.5333
8724410677,1773219030,59,1,0.45,0.5,0.6667,0.0,0.4,0.3333,0.5385,1.0,0.5,0.5,0.5,0.5
8724456836,1773223111,59,1,0.4615,0.45,0.0,0.0,0.5,0.0,0.5,0.5,0.5,0.5,1.0,0.5
8724530876,1773228509,59,1,0.5,0.45,0.3333,0.25,0.0,1.0,0.6154,0.0,0.5,0.75,0.5556,0.0
8724596548,1773232189,59,1,0.5,0.45,0.4286,1.0,0.6667,0.4,0.2857,1.0,0.3333,0.3333,0.4,0.5
8724677097,1773236182,59,0,0.6,0.55,0.8,0.5,0.7143,0.8571,0.75,1.0,0.5,0.6,0.5,0.5
8724788453,1773240929,59,0,0.55,0.55,0.3333,0.6667,1.0,0.6667,1.0,0.8571,0.0,0.5556,0.75,0.7778
8724909631,1773246189,59,1,0.6,0.55,0.6667,1.0,0.5455,1.0,1.0,0.5,0.0,1.0,0.6,1.0
8725587289,1773302513,59,1,0.55,0.6364,0.6667,1.0,0.5,0.5,1.0,0.5,1.0,0.5,0.6667,0.5
8725631999,1773306392,59,1,0.55,0.5833,0.5,0.5,0.3333,0.6667,0.5,0.0,0.5,0.5,0.5,1.0
8725691886,1773311072,59,0,0.5,0.55,0.5,0.0,1.0,0.5,0.6667,0.5,0.5,0.5,0.75,1.0
8725754719,1773315508,59,0,0.4667,0.6,0.5,0.5,0.75,0.5,1.0,0.6667,0.5,0.75,0.6667,0.6667
8725859222,1773320996,59,0,0.6,0.45,0.5,1.0,0.5,0.6364,0.8,1.0,1.0,1.0,1.0,0.8571
8725948543,1773324883,59,1,0.6,0.5,0.5,0.6667,0.6818,0.8333,0.3333,0.5,1.0,1.0,0.8333,0.6
8726072029,1773330158,59,0,0.6,0.5,1.0,1.0,1.0,0.8,0.8,0.5,1.0,1.0,1.0,0.5
8726165528,1773334491,59,1,0.65,0.6,0.4615,0.5,0.75,0.8,0.6154,0.0,0.8333,1.0,0.0,1.0
8726240884,1773338116,59,0,0.65,0.6,0.875,0.5,0.6,0.5,0.7895,0.6667,0.5,1.0,0.8,0.5
8726310679,1773341841,59,0,0.6,0.6,0.8,0.5,0.8,0.7778,0.6429,1.0,0.7143,0.5,1.0,0.8571
8726823865,1773388824,59,0,0.4375,0.5385,0.5,0.0,0.6,0.5,0.5,0.6,1.0,0.5,0.5,0.0
8726866965,1773392421,59,1,0.4118,0.5714,0.0,0.5,0.5,0.75,0.4286,1.0,0.5,0.5,0.6,0.6
8726925455,1773396923,59,0,0.4444,0.5333,1.0,1.0,0.5,0.5,0.5,0.5,0.5,0.5,0.5,0.5
8727000120,1773401866,59,0,0.55,0.55,0.7778,0.5,0.5455,0.8,0.75,0.5,0.6667,0.6667,0.8571,0.5789
8727085868,1773406209,59,0,0.55,0.5,1.0,0.5,0.7,0.5833,0.7407,0.5,0.5,0.8,0.5,0.7143
8727184011,1773410448,59,0,0.5,0.55,0.4,0.5,0.6364,0.8,0.7143,0.6667,0.5,0.8333,0.6667,0.6
8727291568,1773414699,59,1,0.6,0.65,0.5,0.6667,1.0,1.0,1.0,0.0,0.6,1.0,0.5,0.75
8727388391,1773418636,59,0,0.65,0.6,0.5,0.0,0.3333,0.5,0.6429,0.6,0.6667,0.8333,0.5,0.3333
8727470530,1773422066,59,1,0.6,0.65,0.5,0.4,0.8333,1.0,0.5,0.5,0.5,0.8,0.75,0.5
8727561000,1773426407,59,1,0.5,0.6,0.25,1.0,1.0,0.0,0.875,0.7778,0.75,0.5714,0.7,1.0
8727651209,1773430581,59,1,0.55,0.6,0.5,0.5,1.0,0.7143,0.5,0.7,0.8,0.5714,1.0,0.5
8728226716,1773475374,59,0,0.55,0.65,0.7143,0.6667,0.6667,0.75,0.7273,1.0,1.0,0.5,0.8,0.5
8728298716,1773479524,59,1,0.7,0.5,0.3333,0.5,0.5,0.0,1.0,1.0,1.0,0.5833,1.0,0.625
8728374991,1773484007,59,0,0.5625,0.55,0.5,0.6,1.0,0.0,0.5,0.5,0.6667,0.5,0.6667,1.0
8728480115,1773489395,59,1,0.55,0.5294,0.5,1.0,0.5,0.75,0.0,0.6667,1.0,0.6667,0.75,1.0
8728655795,1773496691,59,0,0.65,0.55,0.75,0.5,0.75,0.5714,0.7778,1.0,0.5,0.5,0.4,0.5714
8728797116,1773502082,59,0,0.6,0.6,0.75,0.75,0.3333,0.6667,0.5,0.5,0.5,1.0,0.0,0.6
8728917217,1773506722,59,1,0.6,0.7,0.6364,0.6667,1.0,1.0,0.5,1.0,0.4286,0.5,0.5,0.5
8729016192,1773510882,59,1,0.65,0.6,0.0,0.7143,1.0,0.5,0.0,0.7143,0.7,1.0,0.8333,1.0
8729115809,1773515195,59,1,0.55,0.65,1.0,0.7143,0.5556,0.75,0.875,0.25,0.3333,0.8571,0.5,0.625
8729846134,1773565293,59,0,0.6,0.6,0.6,0.6667,0.5,1.0,0.6,0.6667,0.5,1.0,1.0,0.5
8729970931,1773571595,59,1,0.6,0.65,0.5,0.5,0.6,0.25,0.375,0.625,0.9,0.5,0.8,0.6
8730121026,1773578247,59,0,0.6,0.65,0.6,1.0,0.5,0.8333,1.0,0.6923,0.6,0.6,0.6364,0.4
8730359353,1773586958,59,1,0.65,0.7,0.3333,1.0,1.0,0.5,0.8889,1.0,0.8182,0.0,0.6667,0.5
8730464256,1773591029,59,1,0.7,0.7,0.6,0.5,1.0,0.75,0.625,0.5,1.0,0.8571,0.6667,0.8571
8730561637,1773595111,59,0,0.75,0.65,0.5,1.0,1.0,0.7778,0.6667,0.7143,0.5,0.5,0.5,0.8889
8730713168,1773602369,59,0,0.7,0.65,0.0,0.6,1.0,0.5,0.0,0.5,0.6667,1.0,0.5714,0.9
8730786393,1773606284,59,1,0.7,0.65,1.0,0.75,0.0,0.7,0.6667,0.7333,0.75,0.5,0.625,0.75
